order_id,order_date,customer_name,customer_segment,region,sales_rep,product_category,units,unit_price,discount_pct,order_value,payment_terms,status,delivery_days
MER-100949,2026-08-28,Customer 3658,SMB,South,Vikram Shah,Pneumatics,2,6030.15,5,11457.28,Net 30,Delivered,4
MER-102397,2026-07-13,Customer 4736,Mid-Market,South,Sneha Kulkarni,Safety Equipment,2,1532.13,0,3064.26,Net 60,delivered,3
MER-103368,2026-08-10,Customer 1627,Mid-Market,South,Anita Rao,Power Tools,10,8293.09,5,104191.37,Net 30,DELIVERED,21
MER-103605,2026-07-09,Customer 4879,SMB,East,Meera Iyer,Fasteners,3,335.62,0,1006.86,Prepaid,Delivered,15
MER-103559,2026-08-09,Customer 2685,Mid-Market,West,Meera Iyer,Fasteners,10,307.36,5,2919.92,Prepaid,Delivered,19
MER-103678,2026-08-02,Customer 3175,Mid-Market,East,Rahul Nair,Hand Tools,2,1006.24,5,1911.86,Prepaid,Pending,
MER-103875,2026-07-25,Customer 1878,Mid-Market,North,Rahul Nair,Safety Equipment,10,1751.00,8,16109.20,Net 30,Delivered,20
MER-100696,2026-08-07,Customer 3551,SMB, North,Rahul Nair,Safety Equipment,5,1875.22,0,9376.10,Net 30,Delivered,14
MER-102446,2026-07-25,Customer 1778,Mid-Market,North,Anita Rao,Bearings & Drives,2,4626.00,10,8326.80,Net 30,Cancelled,
MER-103444,2026-09-06,Customer 4333,Mid-Market,North,Karan Bhatia,Pneumatics,5,4801.30,5,22806.17,Prepaid,Delivered,14
MER-101230,2026-08-05,Customer 1349,Mid-Market,East,Anita Rao,Pneumatics,5,5913.59,0,40177.87,Prepaid,DELIVERED,9
MER-102465,2026-07-25,Customer 2612,Mid-Market,East,Karan Bhatia,Bearings & Drives,5,4484.15,0,22420.75,Net 30,DELIVERED,9
MER-101795,2026-09-06,Customer 3967,SMB,South,Arjun Desai,Bearings & Drives,1,3850.23,5,3657.72,Net 60,Delivered,6
MER-101010,2026-07-01,Customer 2251,Enterprise,West,Karan Bhatia,Pneumatics,100,4621.01,5,438995.95,Net 30,RETURNED,14
MER-100606,2026-09-02,Customer 1861,Mid-Market,West,Arjun Desai,Bearings & Drives,5,3652.02,0,18260.10,Net 30,Delivered,5
MER-101328,2026-09-23,Customer 2318,Enterprise,West,Karan Bhatia,Safety Equipment,25,2100.68,5,49891.15,Net 30,Delivered,2
MER-102820,2026-08-10,Customer 3792,Mid-Market,South,Meera Iyer,Pneumatics,10,5891.90,0,58919.00,Prepaid,Delivered,19
MER-103525,2026-08-14,Customer 1390,SMB,East,Vikram Shah,Power Tools,3,7944.65,5,22642.25,Prepaid,Returned,10
MER-103576,2026-08-18,Customer 4057,SMB,West,Anita Rao,Safety Equipment,1,1580.48,0,2406.64,Prepaid,delivered,14
MER-100105,2026-08-28,Customer 1740,SMB,West,Anita Rao,Pneumatics,3,6282.05,0,18846.15,Net 30,delivered,7
MER-103412,2026-08-29,Customer 3026,SMB,South,Sneha Kulkarni,Fasteners,1,355.15,5,337.39,Net 30,Delivered,5
MER-101764,2026-07-06,Customer 2166,Enterprise,East,Arjun Desai,Lubricants,25,1587.80,10,35725.50,Net 30,Delivered,3
MER-102648,2026-09-26,Customer 3749,Mid-Market,South ,Vikram Shah,Lubricants,10,1564.12,0,15641.20,Net 30,Delivered,10
MER-103073,2026-09-17,Customer 1426,Mid-Market,East,Anita Rao,Safety Equipment,5,1655.47,0,8277.35,Net 30,Delivered,21
MER-102426,2026-09-04,Customer 3062,Mid-Market,East,Sneha Kulkarni,Power Tools,2,7546.46,8,13885.49,Net 30,Delivered,3
MER-100736,2026-08-10,Customer 2511,Enterprise,East,Meera Iyer,Electricals,50,3323.09,12,146215.96,Net 60,CANCELLED,
MER-100137,2026-07-18,Customer 3484,Mid-Market,North,Sneha Kulkarni,Hand Tools,5,870.66,0,4353.30,Net 60,Cancelled,
MER-100752,2026-08-27,Customer 3166,SMB,West,Rahul Nair,Electricals,2,3458.62,0,6917.24,Net 30,Delivered,21
MER-102378,2026-07-09,Customer 4643,Mid-Market,East,Karan Bhatia,Pneumatics,25,5352.61,10,120433.73,Prepaid,Delivered,13
MER-100044,2026-07-12,Customer 1509,SMB,East,Arjun Desai,Pneumatics,1,5471.60,0,5471.60,Net 30,pending,
MER-100955,2026-07-27,Customer 2282,SMB,South,Priya Menon,Pneumatics,1,5124.09,5,4867.89,Prepaid,Delivered,2
MER-102996,2026-08-07,Customer 2025,SMB,West,Anita Rao,Lubricants,3,1307.96,0,3923.88,Prepaid,delivered,6
MER-103580,2026-09-11,Customer 2719,Mid-Market,South,Sneha Kulkarni,Safety Equipment,10,1959.93,0,19599.30,Net 60,Delivered,11
MER-103376,2026-07-11,Customer 3990,SMB,North,Meera Iyer,Hand Tools,2,825.18,0,1650.36,Net 60,Delivered,11
MER-100218,2026-07-26,Customer 2824,Mid-Market,South,Sneha Kulkarni,Fasteners,2,372.90,5,708.51,Net 30,delivered,17
MER-101582,2026-09-03,Customer 4137,SMB,North,Arjun Desai,Pneumatics,1,6336.89,0,6336.89,Net 30,Delivered,6
MER-102207,2026-07-14,Customer 4389,SMB,West,Rahul Nair,Pneumatics,2,5502.72,0,11005.44,Net 60,Delivered,11
MER-103062,2026-09-08,Customer 2929,Mid-Market,West,Meera Iyer,Hand Tools,10,1056.06,0,10560.60,Net 30,Delivered,18
MER-102674,2026-08-23,Customer 3977,SMB,North,Karan Bhatia,Safety Equipment,3,1606.20,0,4818.60,Net 60,Returned,8
MER-102232,2026-09-13,Customer 1922,SMB,North,Karan Bhatia,Lubricants,1,1442.08,5,1369.98,Net 30,Cancelled,
MER-103518,2026-08-05,Customer 2219,SMB,South,Rahul Nair,Power Tools,3,6844.77,0,20534.31,Net 60,Delivered,9
MER-101814,2026-08-14,Customer 1779,Enterprise,North,Vikram Shah,Electricals,10,3084.55,10,27760.95,Net 30,Delivered,14
MER-101135,2026-07-18,Customer 1528,SMB,North,Meera Iyer,Fasteners,2,313.00,0,626.00,Prepaid,Delivered,20
MER-101827,2026-07-03,Customer 2212,SMB,West,Sneha Kulkarni,Bearings & Drives,5,4558.68,0,22793.40,Net 30,Pending,
MER-103987,2026-07-18,Customer 4441,Enterprise,East,Priya Menon,Bearings & Drives,10,4527.57,5,43011.91,Prepaid,Delivered,17
MER-100656,2026-07-28,Customer 1407,Mid-Market,East,Sneha Kulkarni,Lubricants,10,1359.30,0,13593.00,Prepaid,Delivered,4
MER-102013,2026-09-21,Customer 4874,SMB,North,Meera Iyer,Lubricants,2,1380.09,5,2622.17,Net 30,RETURNED,3
MER-102739,2026-07-29,Customer 1345,Mid-Market,South,Arjun Desai,Electricals,2,3127.46,10,5629.43,Prepaid,Delivered,18
MER-101406,2026-09-26,Customer 3381,SMB,North,Arjun Desai,Fasteners,1,304.69,0,304.69,Prepaid,Delivered,13
MER-101029,2026-07-21,Customer 1621,SMB,West,Anita Rao,Pneumatics,5,4735.56,5,37170.08,Net 30,delivered,2
MER-103328,2026-08-16,Customer 2454,SMB,North,Vikram Shah,Electricals,5,3056.17,0,15280.85,Net 60,delivered,15
MER-102079,2026-07-26,Customer 2038,SMB,South,Rahul Nair,Bearings & Drives,5,4599.37,5,21847.01,Prepaid,Delivered,10
MER-103109,2026-07-15,Customer 1342,SMB,South,Sneha Kulkarni,Power Tools,1,8338.07,5,7921.17,Net 60,Delivered,6
MER-101697,2026-09-30,Customer 2300,Mid-Market, West,Karan Bhatia,Hand Tools,5,813.66,5,3864.88,Net 30,Delivered,11
MER-100734,2026-07-16,Customer 2026,Enterprise,East,Arjun Desai,Fasteners,5,371.29,12,1633.68,Net 60,Delivered,21
MER-103002,2026-08-15,Customer 4758,SMB,East,Arjun Desai,Hand Tools,1,906.87,0,906.87,Net 30,Delivered,14
MER-101332,2026-08-01,Customer 2606,Mid-Market,East,Karan Bhatia,Pneumatics,10,6137.07,8,56461.04,Prepaid,Delivered,2
MER-103228,2026-07-03,Customer 4106,Mid-Market,West,Meera Iyer,Fasteners,2,337.65,5,641.53,Net 60,Delivered,21
MER-103781,2026-08-07,Customer 4437,Enterprise,North,Vikram Shah,Bearings & Drives,10,4950.26,15,42077.21,Net 30,Returned,12
MER-101193,2026-09-11,Customer 3709,Mid-Market,West,Meera Iyer,Fasteners,5,278.51,8,1281.15,Net 30,Delivered,19
MER-103577,2026-08-30,Customer 3603,SMB,North,Arjun Desai,Pneumatics,2,4624.92,5,8787.35,Net 30,Delivered,12
MER-103422,2026-08-14,Customer 4388,Mid-Market,West,Arjun Desai,Safety Equipment,5,1676.34,10,7543.53,Net 60,cancelled,
MER-103814,2026-09-19,Customer 2576,Mid-Market,West,Anita Rao,Power Tools,5,8127.70,0,70996.00,Net 60,Delivered,21
MER-102669,2026-08-14,Customer 3862,Enterprise,South,Anita Rao,Electricals,10,3190.50,0,31905.00,Net 60,Delivered,12
MER-101446,2026-09-19,Customer 4447,SMB,North,Karan Bhatia,Lubricants,5,1506.21,0,7531.05,Net 30,Pending,
MER-100619,2026-07-19,Customer 4631,SMB,South,Rahul Nair,Lubricants,3,1515.46,0,4546.38,Net 30,Delivered,15
MER-102631,2026-08-24,Customer 4465,Enterprise,South,Anita Rao,Fasteners,5,307.86,8,2479.14,Net 60,delivered,19
MER-101309,2026-07-07,Customer 3132,Enterprise,South,Rahul Nair,Lubricants,10,1342.87,0,13428.70,Net 30,Cancelled,
MER-102358,2026-08-06,Customer 2031,Mid-Market,South,Arjun Desai,Fasteners,2,363.92,0,727.84,Net 30,cancelled,
MER-100121,2026-07-15,Customer 1688,SMB,East,Sneha Kulkarni,Hand Tools,2,924.96,0,1849.92,Net 30,delivered,13
MER-101715,2026-08-06,Customer 3559,SMB,South,Vikram Shah,Hand Tools,1,1112.19,5,1056.58,Net 30,Returned,14
MER-103248,2026-09-11,Customer 4411,Mid-Market,South,Sneha Kulkarni,Hand Tools,10,977.84,0,9778.40,Prepaid,Delivered,2
MER-100682,2026-09-02,Customer 4693,Enterprise,North,Meera Iyer,Pneumatics,25,4948.88,15,105163.70,Net 30,Delivered,4
MER-101668,2026-08-02,Customer 2697,SMB,West,Anita Rao,Safety Equipment,3,1841.60,5,8823.30,Net 30,Delivered,4
MER-101936,2026-09-06,Customer 2367,Mid-Market,North,Anita Rao,Power Tools,10,6957.44,10,94081.43,Net 30,Delivered,6
MER-100777,2026-08-01,Customer 4195,SMB,South,Priya Menon,Lubricants,2,1407.65,0,2815.30,Net 60,Delivered,21
MER-102697,2026-09-29,Customer 4115,Mid-Market, West,Sneha Kulkarni,Pneumatics,5,6315.46,10,28419.57,Net 30,Delivered,13
MER-100828,2026-09-07,Customer 1861,Mid-Market,East,Priya Menon,Hand Tools,5,848.06,8,3901.08,Net 30,Cancelled,
MER-102250,2026-07-28,Customer 4875,Mid-Market,South,Karan Bhatia,Fasteners,2,330.66,0,661.32,Net 30,Delivered,12
MER-101771,2026-09-04,Customer 4844,Enterprise,West,Vikram Shah,Safety Equipment,50,1546.11,8,127967.86,Net 60,delivered,4
MER-102926,2026-09-22,Customer 3246,SMB,South,Meera Iyer,Lubricants,2,1543.17,0,3086.34,Prepaid,Delivered,16
MER-103063,2026-08-07,Customer 4191,Mid-Market, West,Arjun Desai,Lubricants,5,1559.92,8,7175.63,Net 60,Delivered,12
MER-102511,2026-07-08,Customer 1848,Enterprise,West,Meera Iyer,Electricals,10,3636.58,0,67273.12,Net 30,Pending,
MER-102453,2026-07-10,Customer 2589,SMB,South,Karan Bhatia,Power Tools,1,6549.54,0,6549.54,Net 60,DELIVERED,14
MER-103788,2026-09-01,Customer 3692,Enterprise,West,Karan Bhatia,Pneumatics,25,4688.90,5,111361.37,Prepaid,Returned,16
MER-101424,2026-07-19,Customer 1473,Enterprise,South,Sneha Kulkarni,Electricals,100,2851.08,15,242341.80,Prepaid,Delivered,9
MER-103948,2026-09-28,Customer 1706,SMB,South,Vikram Shah,Electricals,1,3194.37,0,3194.37,Net 30,Delivered,2
MER-100537,2026-08-09,Customer 4136,Small Business,North,Vikram Shah,Hand Tools,2,1043.00,0,2086.00,Net 30,Delivered,11
MER-100686,2026-08-20,Customer 1568,Mid-Market,East,Anita Rao,Bearings & Drives,5,4730.14,0,23650.70,Prepaid,Pending,
MER-102923,2026-08-24,Customer 1633,Enterprise,West,Vikram Shah,Fasteners,100,299.26,15,25437.10,Net 30,DELIVERED,17
MER-100660,2026-08-09,Customer 2381,SMB,West,Rahul Nair,Safety Equipment,3,1672.69,5,4767.17,Prepaid,Delivered,13
MER-103439,2026-07-11,Customer 2053,Mid-Market,North,Priya Menon,Pneumatics,10,4652.15,0,46521.50,Net 30,delivered,14
MER-103627,2026-08-05,Customer 4907,Mid-Market,West,Rahul Nair,Pneumatics,10,6362.35,0,63623.50,Net 60,Delivered,9
MER-100341,2026-08-10,Customer 3833,SMB,West,Anita Rao,Pneumatics,5,5057.70,0,33510.43,Net 30,PENDING,
MER-101707,2026-09-06,Customer 2908,SMB,South,Priya Menon,Safety Equipment,1,1889.57,0,1889.57,Net 30,Delivered,8
MER-103560,2026-08-04,Customer 2126,Enterprise,West,Rahul Nair,Fasteners,5,298.35,10,2534.63,Net 30,Delivered,18
MER-102438,2026-09-05,Customer 2456,SMB,East,Rahul Nair,Lubricants,3,1489.36,5,4244.68,Prepaid,delivered,8
MER-103569,2026-09-09,Customer 3924,Mid-Market,West,Arjun Desai,Electricals,5,2788.15,5,13243.71,Net 60,Delivered,7
MER-102540,2026-08-22,Customer 2284,Mid-Market,West,Meera Iyer,Safety Equipment,5,1859.64,8,8554.34,Net 30,delivered,20
MER-102133,2026-07-23,Customer 2029,SMB,North ,Meera Iyer,Power Tools,3,7936.81,0,23810.43,Net 30,Delivered,17
MER-103625,2026-09-29,Customer 2277,Enterprise,North,Karan Bhatia,Pneumatics,5,5216.97,12,22954.67,Prepaid,Delivered,14
MER-102641,2026-07-06,Customer 3486,SMB, West,Rahul Nair,Bearings & Drives,1,4253.49,0,4253.49,Net 60,Delivered,5
MER-100901,2026-09-08,Customer 2446,Small Business,South,Anita Rao,Bearings & Drives,1,3696.21,5,3511.40,Net 60,Delivered,7
MER-101805,2026-07-23,Customer 1011,SMB,North,Anita Rao,Hand Tools,1,1089.16,0,1089.16,Net 30,Delivered,18
MER-100970,2026-08-08,Customer 3552,SMB,West,Vikram Shah,Hand Tools,1,1070.23,0,,Net 30,Delivered,2
MER-102139,2026-08-02,Customer 4900,Small Business, South,Karan Bhatia,Power Tools,3,6583.74,0,19751.22,Prepaid,DELIVERED,5
MER-103662,2026-09-25,Customer 4076,SMB,East,Karan Bhatia,Lubricants,2,1340.53,0,2681.06,Net 30,Pending,
MER-101832,2026-09-29,Customer 4344,Mid-Market,North,Arjun Desai,Fasteners,25,286.19,8,6582.37,Prepaid,Delivered,19
MER-102106,2026-08-27,Customer 3763,SMB,West,Anita Rao,Electricals,3,2918.00,0,13874.43,Net 30,Delivered,8
MER-100976,2026-07-09,Customer 3606,Small Business,West ,Vikram Shah,Bearings & Drives,2,3630.97,5,6898.84,Prepaid,Delivered,20
MER-100597,2026-08-17,Customer 1103,Mid-Market, South,Rahul Nair,Power Tools,2,6854.17,0,13708.34,Net 30,delivered,18
MER-103318,2026-07-16,Customer 2029,Enterprise,West,Meera Iyer,Pneumatics,10,6204.15,12,115776.38,Net 60,delivered,14
MER-102061,2026-07-15,Customer 4130,SMB,West,Meera Iyer,Bearings & Drives,3,4909.16,0,14727.48,Prepaid,Delivered,19
MER-100194,2026-08-07,Customer 1724,SMB,North,Meera Iyer,Power Tools,1,7422.01,0,7422.01,Net 60,Pending,
MER-101825,2026-08-27,Customer 4171,Mid-Market,East,Anita Rao,Electricals,5,3615.25,0,18076.25,Net 30,Delivered,21
MER-101819,2026-09-11,Customer 1396,Enterprise,West,Anita Rao,Bearings & Drives,50,4305.27,10,193737.15,Net 30,Delivered,6
MER-103706,2026-09-21,Customer 3847,Mid-Market,West,Rahul Nair,Power Tools,5,8541.57,0,42707.85,Net 30,Delivered,8
MER-103411,2026-08-17,Customer 1419,SMB,West,Sneha Kulkarni,Bearings & Drives,2,3796.54,0,7593.08,Net 60,Cancelled,
MER-102905,2026-09-17,Customer 3548,Enterprise,West,Karan Bhatia,Lubricants,50,1442.14,8,110874.80,Prepaid,Delivered,5
MER-102376,2026-07-07,Customer 4207,Mid-Market,East,Priya Menon,Safety Equipment,10,1960.83,8,18039.64,Net 60,Delivered,11
MER-102976,2026-09-03,Customer 4052,SMB,East,Meera Iyer,Hand Tools,5,1041.76,0,5208.80,Net 60,DELIVERED,4
MER-101786,2026-07-14,Customer 3367,Mid-Market,North ,Sneha Kulkarni,Power Tools,10,7932.71,0,79327.10,Prepaid,Delivered,5
MER-102314,2026-08-27,Customer 4294,SMB,West,Rahul Nair,Safety Equipment,2,1990.56,0,3981.12,Prepaid,Delivered,14
MER-103189,2026-07-16,Customer 4043,Enterprise,South,Vikram Shah,Safety Equipment,50,1982.67,0,99133.50,Net 60,CANCELLED,
MER-103804,2026-08-05,Customer 4671,SMB,West,Karan Bhatia,Bearings & Drives,5,4151.44,5,19719.34,Prepaid,Pending,
MER-100147,2026-07-04,Customer 4026,Enterprise,South,Karan Bhatia,Lubricants,5,1365.53,15,5803.50,Prepaid,Cancelled,
MER-100250,2026-08-02,Customer 2377,Mid-Market,East,Rahul Nair,Hand Tools,2,906.57,5,1722.48,Net 60,Cancelled,
MER-101055,2026-08-07,Customer 4129,Enterprise,West,Sneha Kulkarni,Fasteners,100,370.61,15,68053.27,Net 60,Delivered,6
MER-103105,2026-07-08,Customer 4500,SMB,North,Priya Menon,Pneumatics,1,4644.29,5,4412.08,Net 30,Delivered,6
MER-102658,2026-07-19,Customer 1106,Small Business,North,Arjun Desai,Hand Tools,3,1030.97,0,3092.91,Net 30,Delivered,4
MER-100379,2026-08-23,Customer 2329,Mid-Market,West,Karan Bhatia,Bearings & Drives,5,3657.12,5,17371.32,Net 30,Pending,
MER-103650,2026-09-29,Customer 3645,SMB,South,Meera Iyer,Lubricants,1,1375.44,5,1306.67,Net 30,returned,10
MER-102333,2026-08-01,Customer 1155,SMB,West,Anita Rao,Safety Equipment,2,1979.91,0,6725.90,Net 30,Delivered,11
MER-102764,2026-08-17,Customer 2900,Mid-Market,South,Rahul Nair,Power Tools,2,8441.74,10,15195.13,Net 30,Delivered,13
MER-102408,2026-09-24,Customer 3095,SMB,West,Arjun Desai,Bearings & Drives,2,4505.88,0,9011.76,Net 30,Delivered,16
MER-102533,2026-07-11,Customer 1729,Mid-Market, North,Arjun Desai,Pneumatics,2,5000.19,0,10000.38,Net 60,Delivered,3
MER-101951,2026-08-22,Customer 2572,SMB,North,Arjun Desai,Hand Tools,2,965.97,5,1835.34,Prepaid,Pending,
MER-103195,2026-08-11,Customer 2084,SMB,East,Vikram Shah,Hand Tools,1,1018.04,5,967.14,Prepaid,PENDING,
MER-101958,2026-08-31,Customer 1712,Mid-Market,North,Priya Menon,Power Tools,5,7396.83,5,35134.94,Net 30,Delivered,8
MER-101173,2026-08-24,Customer 4542,SMB,West,Sneha Kulkarni,Pneumatics,2,5687.80,0,11375.60,Prepaid,Cancelled,
MER-103714,2026-07-28,Customer 1767,Enterprise,North,Sneha Kulkarni,Safety Equipment,5,1922.21,0,9611.05,Prepaid,Delivered,15
MER-100000,2026-07-16,Customer 3118,Mid-Market,North,Rahul Nair,Power Tools,10,8394.29,5,79745.76,Net 60,delivered,17
MER-103008,2026-07-27,Customer 1848,Enterprise,South,Priya Menon,Electricals,50,3368.44,12,148211.36,Prepaid,Delivered,5
MER-103140,2026-09-24,Customer 4692,SMB,West,Arjun Desai,Hand Tools,2,901.16,0,1802.32,Net 60,Delivered,14
MER-102676,2026-08-29,Customer 3021,Mid-Market,North,Arjun Desai,Bearings & Drives,10,4854.96,0,48549.60,Net 30,Delivered,4
MER-103623,2026-07-11,Customer 2910,SMB,South,Anita Rao,Power Tools,1,7298.36,0,7298.36,Prepaid,Delivered,12
MER-101342,2026-08-02,Customer 2000,Mid-Market,North,Anita Rao,Hand Tools,25,857.47,8,19721.81,Net 60,Delivered,10
MER-100488,2026-08-23,Customer 4921,SMB,North,Sneha Kulkarni,Lubricants,1,1406.03,0,1406.03,Net 60,delivered,6
MER-101751,2026-07-31,Customer 1819,Enterprise,North,Meera Iyer,Fasteners,50,287.37,10,12931.65,Net 30,Delivered,17
MER-103818,2026-09-28,Customer 4442,Small Business,North,Arjun Desai,Bearings & Drives,5,4374.21,0,21871.05,Net 30,Delivered,4
MER-101931,2026-07-24,Customer 2151,Small Business,South,Karan Bhatia,Lubricants,1,1235.59,0,1235.59,Net 30,Delivered,15
MER-101110,2026-09-21,Customer 4776,SMB,West,Vikram Shah,Hand Tools,1,1096.80,0,1096.80,Net 60,Delivered,7
MER-103079,2026-09-18,Customer 3161,Mid-Market,South,Arjun Desai,Pneumatics,5,4821.29,0,24106.45,Net 30,Cancelled,
MER-100909,2026-09-21,Customer 1952,Mid-Market,North,Rahul Nair,Lubricants,5,1275.87,5,6060.38,Net 30,Delivered,6
MER-100306,2026-07-13,Customer 2423,Mid-Market,South,Priya Menon,Fasteners,25,349.88,0,8747.00,Net 30,Delivered,7
MER-102113,2026-08-21,Customer 2083,SMB,West,Vikram Shah,Fasteners,1,295.05,0,295.05,Prepaid,Delivered,11
MER-100318,2026-08-09,Customer 4494,Small Business,West,Vikram Shah,Power Tools,3,8412.66,5,23976.08,Net 30,Cancelled,
MER-102773,2026-09-01,Customer 2964,SMB,East,Anita Rao,Safety Equipment,1,1946.47,5,3488.26,Net 30,Delivered,5
MER-100565,2026-08-13,Customer 3089,SMB,West,Priya Menon,Hand Tools,1,881.49,5,837.42,Net 60,Delivered,19
MER-100771,2026-09-13,Customer 4453,SMB,West,Vikram Shah,Safety Equipment,3,1555.15,0,4665.45,Net 30,delivered,12
MER-100634,2026-08-11,Customer 4313,SMB,North,Karan Bhatia,Bearings & Drives,3,4594.89,0,,Prepaid,Delivered,17
MER-101566,2026-08-05,Customer 4788,Mid-Market,North,Vikram Shah,Fasteners,5,312.37,0,1561.85,Net 60,Delivered,5
MER-103700,2026-07-29,Customer 3702,SMB,North,Vikram Shah,Bearings & Drives,1,4763.85,0,4763.85,Net 30,Delivered,19
MER-103723,2026-08-09,Customer 2689,SMB,East,Karan Bhatia,Electricals,1,2729.44,0,2729.44,Net 60,DELIVERED,20
MER-100478,2026-09-26,Customer 3742,Mid-Market,South,Vikram Shah,Bearings & Drives,2,4190.14,0,8380.28,Net 30,delivered,4
MER-102024,2026-07-19,Customer 4373,Mid-Market,West,Anita Rao,Safety Equipment,5,1905.44,8,,Net 60,Delivered,8
MER-103014,2026-08-07,Customer 1188,Mid-Market,West,Priya Menon,Lubricants,5,1609.25,5,7643.94,Net 30,DELIVERED,3
MER-103764,2026-07-23,Customer 3976,Mid-Market,South,Meera Iyer,Electricals,2,3386.87,8,6231.84,Net 30,Delivered,2
MER-101240,2026-09-23,Customer 3015,Small Business,South,Anita Rao,Lubricants,2,1457.43,0,3989.79,Net 30,Delivered,6
MER-103429,2026-09-30,Customer 3870,SMB,West,Arjun Desai,Power Tools,1,8090.98,5,7686.43,Net 30,Delivered,3
MER-103457,2026-08-23,Customer 4102,SMB,West,Vikram Shah,Lubricants,1,1557.42,0,1557.42,Net 30,Delivered,21
MER-101331,2026-08-03,Customer 3234,Mid-Market,North,Arjun Desai,Pneumatics,5,5551.37,5,26369.01,Prepaid,Delivered,7
MER-101914,2026-08-02,Customer 4670,Enterprise,West,Arjun Desai,Safety Equipment,5,1660.41,12,7305.80,Net 30,Delivered,10
MER-102827,2026-09-28,Customer 4999,Small Business,South,Karan Bhatia,Hand Tools,3,1034.35,0,3103.05,Prepaid,CANCELLED,
MER-102396,2026-07-15,Customer 2007,Mid-Market,East,Karan Bhatia,Electricals,5,2940.29,0,14701.45,Net 30,DELIVERED,3
MER-101317,2026-09-05,Customer 4142,SMB,North,Vikram Shah,Electricals,2,3521.48,0,7042.96,Net 30,Delivered,11
MER-103654,2026-07-11,Customer 4027,SMB,West,Arjun Desai,Hand Tools,2,1036.93,0,2073.86,Prepaid,Delivered,5
MER-103395,2026-08-21,Customer 3765,Mid-Market,West,Sneha Kulkarni,Power Tools,5,7211.58,5,34255.00,Net 60,delivered,19
MER-103629,2026-08-17,Customer 2819,Mid-Market,East,Sneha Kulkarni,Lubricants,5,1289.02,5,6122.85,Net 30,PENDING,
MER-102891,2026-09-08,Customer 1556,SMB,West,Anita Rao,Bearings & Drives,3,4035.40,5,11500.89,Net 30,Delivered,16
MER-102025,2026-08-16,Customer 4655,Mid-Market,East,Vikram Shah,Bearings & Drives,5,3964.31,5,18830.47,Net 30,Delivered,12
MER-103720,2026-08-26,Customer 1718,Enterprise,South,Anita Rao,Safety Equipment,25,1879.81,15,39945.96,Net 30,Delivered,12
MER-101396,2026-07-16,Customer 3456,Mid-Market,East,Priya Menon,Fasteners,5,356.99,0,1784.95,Prepaid,DELIVERED,9
MER-101226,2026-07-20,Customer 3042,Mid-Market,West,Karan Bhatia,Lubricants,10,1275.14,10,11476.26,Net 60,delivered,12
MER-101552,2026-09-17,Customer 4162,Mid-Market,East,Vikram Shah,Lubricants,25,1570.49,8,36121.27,Net 60,Delivered,11
MER-101352,2026-08-20,Customer 4286,SMB,East,Vikram Shah,Electricals,2,3513.75,0,7027.50,Prepaid,Delivered,9
MER-101862,2026-09-27,Customer 1347,Enterprise,West,Karan Bhatia,Lubricants,50,1686.37,8,157074.67,Net 30,DELIVERED,12
MER-101008,2026-07-13,Customer 4394,Mid-Market,North ,Priya Menon,Power Tools,2,7573.14,10,13631.65,Net 30,Delivered,12
MER-103509,2026-09-24,Customer 4431,Mid-Market,West,Vikram Shah,Pneumatics,5,5346.77,0,26733.85,Net 30,Delivered,14
MER-101817,2026-09-12,Customer 1538,Mid-Market,West,Karan Bhatia,Power Tools,5,8824.95,5,41918.51,Net 30,Delivered,13
MER-101514,2026-07-07,Customer 4924,Mid-Market,East,Arjun Desai,Pneumatics,10,5717.33,0,57173.30,Net 60,DELIVERED,11
MER-100208,2026-08-27,Customer 1034,SMB,East,Vikram Shah,Pneumatics,0,4664.36,0,0.00,Net 30,Delivered,11
MER-102677,2026-07-07,Customer 1993,SMB,West,Karan Bhatia,Bearings & Drives,1,4577.66,5,4348.78,Net 30,Delivered,9
MER-100685,2026-08-27,Customer 4852,Mid-Market,South,Meera Iyer,Lubricants,2,1329.56,8,,Net 30,Pending,
MER-101716,2026-07-05,Customer 1330,SMB,North,Anita Rao,Hand Tools,2,922.24,0,1844.48,Net 60,Delivered,12
MER-101366,2026-09-26,Customer 4555,Enterprise,North,Sneha Kulkarni,Hand Tools,25,1091.32,0,27283.00,Prepaid,Delivered,18
MER-103296,2026-09-03,Customer 3570,Enterprise,North,Meera Iyer,Bearings & Drives,5,4594.99,5,21826.20,Net 30,Delivered,18
MER-100892,2026-07-14,Customer 1938,Mid-Market,South,Arjun Desai,Power Tools,2,8590.85,5,16322.61,Net 60,delivered,11
MER-101846,2026-09-28,Customer 3847,Enterprise,West,Meera Iyer,Pneumatics,50,6065.36,12,266875.84,Prepaid,Returned,10
MER-103389,2026-08-29,Customer 1577,Mid-Market, West,Priya Menon,Power Tools,2,8153.56,10,14676.41,Net 60,Pending,
MER-103359,2026-08-09,Customer 1806,Mid-Market,North,Sneha Kulkarni,Lubricants,5,1589.18,0,7945.90,Net 30,DELIVERED,13
MER-100347,2026-08-02,Customer 1408,SMB,North,Arjun Desai,Hand Tools,1,988.80,0,988.80,Prepaid,Delivered,8
MER-101204,2026-08-21,Customer 1000,SMB,South,Meera Iyer,Lubricants,1,1493.93,5,1419.23,Prepaid,Delivered,11
MER-101449,2026-07-19,Customer 4572,Small Business, West,Priya Menon,Bearings & Drives,1,4146.69,0,4146.69,Prepaid,Delivered,18
MER-101797,2026-08-03,Customer 3045,Enterprise,West,Priya Menon,Hand Tools,5,970.63,12,4270.77,Prepaid,pending,
MER-102115,2026-07-16,Customer 2955,Mid-Market,East,Vikram Shah,Bearings & Drives,2,3655.61,10,6580.10,Prepaid,Delivered,11
MER-103865,2026-09-08,Customer 4970,SMB,West,Karan Bhatia,Safety Equipment,3,1887.31,5,5378.83,Net 30,delivered,16
MER-102368,2026-07-28,Customer 4958,Enterprise,North,Priya Menon,Bearings & Drives,25,3636.71,12,80007.62,Net 30,CANCELLED,
MER-100449,2026-07-24,Customer 3367,Mid-Market,East,Arjun Desai,Bearings & Drives,5,3578.72,8,16462.11,Prepaid,Delivered,19
MER-100335,2026-07-27,Customer 1890,Mid-Market,East,Anita Rao,Fasteners,2,272.34,5,517.45,Prepaid,Delivered,21
MER-103191,2026-09-14,Customer 1221,Mid-Market,West,Meera Iyer,Lubricants,5,1573.85,0,7869.25,Net 30,Pending,
MER-101775,2026-07-17,Customer 2985,SMB,East,Vikram Shah,Lubricants,2,1240.40,0,2480.80,Prepaid,delivered,5
MER-102738,2026-09-23,Customer 1601,SMB,North,Sneha Kulkarni,Lubricants,1,1363.74,5,1295.55,Net 60,Delivered,9
MER-102549,2026-08-06,Customer 4701,SMB,West,Rahul Nair,Power Tools,3,7899.29,0,23697.87,Net 60,Cancelled,
MER-102597,2026-07-14,Customer 2175,Enterprise,South,Arjun Desai,Bearings & Drives,25,3609.52,0,90238.00,Net 60,delivered,2
MER-103211,2026-07-02,Customer 1700,Enterprise,West,Sneha Kulkarni,Safety Equipment,5,1806.10,0,9030.50,Prepaid,Returned,6
MER-103975,2026-08-20,Customer 1333,Mid-Market,North,Rahul Nair,Bearings & Drives,10,4276.25,10,38486.25,Net 30,Delivered,19
MER-100580,2026-07-29,Customer 2349,SMB,West,Anita Rao,Power Tools,2,8632.43,0,17264.86,Prepaid,Cancelled,
MER-100713,2026-07-08,Customer 4463,Mid-Market,South,Rahul Nair,Power Tools,2,8309.22,0,16618.44,Net 30,delivered,12
MER-101076,2026-08-01,Customer 2753,Mid-Market,North,Arjun Desai,Fasteners,5,279.71,8,1286.67,Net 30,Delivered,10
MER-102142,2026-08-24,Customer 4091,Small Business,South,Vikram Shah,Electricals,1,3603.30,0,3603.30,Net 60,pending,
MER-103435,2026-09-25,Customer 3287,Enterprise,East,Sneha Kulkarni,Bearings & Drives,5,4547.38,12,20008.47,Net 30,delivered,17
MER-101236,2026-09-11,Customer 3660,Mid-Market,West,Vikram Shah,Fasteners,5,365.04,5,1733.94,Net 30,Delivered,9
MER-102974,2026-07-19,Customer 1988,Mid-Market,South,Karan Bhatia,Power Tools,5,8335.85,0,41679.25,Prepaid,Delivered,10
MER-103358,2026-09-29,Customer 4884,Small Business,South,Karan Bhatia,Bearings & Drives,1,4568.41,0,4568.41,Net 60,delivered,8
MER-103015,2026-08-27,Customer 3943,SMB,West,Rahul Nair,Power Tools,3,8903.55,0,,Net 60,delivered,17
MER-100056,2026-07-31,Customer 2421,Enterprise,North,Rahul Nair,Safety Equipment,10,1958.13,12,17231.54,Net 30,Delivered,16
MER-103540,2026-07-30,Customer 1167,Mid-Market,West,Rahul Nair,Fasteners,5,350.42,8,1611.93,Prepaid,Delivered,13
MER-103113,2026-07-28,Customer 3373,SMB,West,Rahul Nair,Bearings & Drives,3,3713.33,5,10582.99,Prepaid,Pending,
MER-103819,2026-07-31,Customer 1541,Mid-Market,South,Priya Menon,Electricals,5,3325.65,5,15796.84,Prepaid,Delivered,12
MER-101336,2026-09-26,Customer 1323,Mid-Market,West,Sneha Kulkarni,Power Tools,10,8382.18,0,83821.80,Net 60,Cancelled,
MER-102594,2026-07-20,Customer 1307,Mid-Market, South,Vikram Shah,Lubricants,2,1383.25,10,2489.85,Net 60,Delivered,17
MER-102909,2026-08-16,Customer 3951,Enterprise,North ,Arjun Desai,Fasteners,50,299.48,10,13476.60,Prepaid,Delivered,17
MER-103742,2026-07-24,Customer 1349,Enterprise,East,Karan Bhatia,Pneumatics,100,5061.27,10,455514.30,Net 30,Pending,
MER-102802,2026-09-23,Customer 1690,SMB,North,Vikram Shah,Hand Tools,1,911.50,0,911.50,Net 30,Delivered,15
MER-101039,2026-07-24,Customer 4373,SMB,West,Karan Bhatia,Electricals,1,2785.52,0,2785.52,Net 30,Pending,
MER-101960,2026-08-18,Customer 4789,SMB,East,Anita Rao,Pneumatics,1,5820.52,5,5529.49,Net 60,Delivered,4
MER-101925,2026-07-04,Customer 3884,Enterprise,South,Anita Rao,Pneumatics,5,4880.48,15,32352.61,Net 30,DELIVERED,4
MER-100301,2026-07-09,Customer 3934,Enterprise,South,Karan Bhatia,Electricals,25,3000.74,8,69017.02,Net 30,Delivered,18
MER-102542,2026-07-01,Customer 2606,Mid-Market,West,Arjun Desai,Electricals,2,3436.34,8,6322.87,Net 60,Delivered,19
MER-102277,2026-07-24,Customer 4237,SMB,North,Meera Iyer,Pneumatics,1,4682.80,0,4682.80,Net 30,Delivered,12
MER-101839,2026-08-02,Customer 4721,SMB,West,Karan Bhatia,Lubricants,2,1458.30,0,2916.60,Net 30,delivered,7
MER-101741,2026-09-29,Customer 2196,SMB,West,Anita Rao,Hand Tools,2,820.84,0,1641.68,Prepaid,Delivered,20
MER-101228,2026-09-20,Customer 4690,Enterprise,South,Sneha Kulkarni,Hand Tools,10,1035.06,15,8798.01,Net 60,Returned,19
MER-102581,2026-07-03,Customer 3636,Mid-Market,North,Vikram Shah,Safety Equipment,5,2122.37,8,9762.90,Net 30,Delivered,12
MER-102928,2026-07-10,Customer 1504,Mid-Market,South,Karan Bhatia,Lubricants,5,1381.14,5,6560.41,Net 30,Delivered,19
MER-102021,2026-09-24,Customer 3951,SMB,North,Meera Iyer,Pneumatics,5,5229.90,0,26149.50,Net 30,Delivered,12
MER-100193,2026-09-04,Customer 3955,Mid-Market,South,Priya Menon,Lubricants,2,1682.15,0,3364.30,Net 30,delivered,18
MER-102675,2026-08-09,Customer 3106,SMB,West,Meera Iyer,Lubricants,3,1325.64,0,3976.92,Net 30,delivered,18
MER-102595,2026-08-04,Customer 2717,Small Business,South,Anita Rao,Electricals,2,3495.11,0,6990.22,Prepaid,Delivered,9
MER-102598,2026-09-13,Customer 2095,Mid-Market,South,Sneha Kulkarni,Pneumatics,2,5411.69,8,9957.51,Net 60,Delivered,21
MER-100415,2026-09-20,Customer 1481,SMB,West,Rahul Nair,Electricals,3,3234.37,0,9703.11,Net 30,Delivered,14
MER-100227,2026-08-21,Customer 4390,SMB,South,Arjun Desai,Safety Equipment,1,2020.99,0,2020.99,Net 30,Delivered,21
MER-100496,2026-07-31,Customer 1824,Mid-Market,North,Anita Rao,Electricals,5,3253.99,0,16269.95,Net 30,Delivered,9
MER-101427,2026-08-21,Customer 1556,SMB,North,Vikram Shah,Bearings & Drives,1,4420.14,0,,Prepaid,Delivered,6
MER-101171,2026-08-21,Customer 3947,SMB,East,Vikram Shah,Fasteners,3,272.49,5,776.60,Net 30,Delivered,8
MER-100611,2026-07-13,Customer 2346,Mid-Market,West,Arjun Desai,Hand Tools,2,1080.48,5,2052.91,Net 60,Delivered,15
MER-101134,2026-09-30,Customer 1286,Small Business,West,Anita Rao,Hand Tools,3,947.45,0,2842.35,Net 30,DELIVERED,14
MER-103385,2026-07-07,Customer 1691,Mid-Market,North,Sneha Kulkarni,Bearings & Drives,5,4525.93,0,22629.65,Net 30,Delivered,8
MER-101107,2026-07-24,Customer 3124,SMB,West,Priya Menon,Bearings & Drives,5,4124.66,0,20623.30,Prepaid,Delivered,21
MER-103637,2026-07-23,Customer 1993,Mid-Market,South,Karan Bhatia,Hand Tools,25,1021.61,0,25540.25,Prepaid,Delivered,14
MER-102987,2026-09-30,Customer 3086,SMB,West,Meera Iyer,Power Tools,5,6796.68,0,33983.40,Net 30,Delivered,14
MER-100527,2026-09-12,Customer 3896,Enterprise,North,Priya Menon,Pneumatics,50,5852.04,8,269193.84,Net 30,Delivered,17
MER-100472,2026-07-31,Customer 1265,Enterprise,West,Sneha Kulkarni,Safety Equipment,25,1639.52,12,36069.44,Net 60,delivered,16
MER-103091,2026-07-15,Customer 1327,SMB,West,Arjun Desai,Safety Equipment,2,1800.59,0,3601.18,Prepaid,Delivered,12
MER-103095,2026-08-05,Customer 2594,Small Business,West,Rahul Nair,Hand Tools,2,1087.03,0,2174.06,Net 30,Pending,
MER-101583,2026-07-16,Customer 1545,SMB,West,Vikram Shah,Safety Equipment,3,2046.21,5,5831.70,Net 30,Cancelled,
MER-101070,2026-08-14,Customer 1996,Enterprise,North,Meera Iyer,Power Tools,100,8933.43,10,804008.70,Net 60,Cancelled,
MER-100673,2026-09-15,Customer 2362,SMB,West,Rahul Nair,Power Tools,5,7326.52,5,34800.97,Net 30,Delivered,16
MER-102303,2026-09-21,Customer 1152,SMB,South,Arjun Desai,Lubricants,3,1241.64,0,3724.92,Prepaid,Delivered,20
MER-103174,2026-09-06,Customer 2236,Small Business,North,Arjun Desai,Bearings & Drives,1,3648.12,5,3465.71,Net 30,Delivered,5
MER-102691,2026-08-24,Customer 3280,SMB,East,Arjun Desai,Electricals,1,2668.48,0,2668.48,Prepaid,DELIVERED,8
MER-101318,2026-09-23,Customer 2483,SMB,South,Rahul Nair,Power Tools,2,8119.49,0,16238.98,Prepaid,Returned,6
MER-103711,2026-08-08,Customer 1724,Enterprise,West,Sneha Kulkarni,Pneumatics,25,5314.02,10,119565.45,Net 30,delivered,16
MER-101131,2026-08-21,Customer 2799,Mid-Market,North,Anita Rao,Power Tools,10,7174.18,8,102542.82,Prepaid,Delivered,7
MER-100938,2026-09-09,Customer 1505,SMB, East,Meera Iyer,Hand Tools,1,1110.81,0,1110.81,Prepaid,Delivered,6
MER-103925,2026-08-03,Customer 1930,SMB,North,Karan Bhatia,Fasteners,1,290.38,0,290.38,Prepaid,Cancelled,
MER-103311,2026-09-10,Customer 2666,Mid-Market,South,Anita Rao,Lubricants,25,1476.43,0,69955.82,Net 30,Delivered,3
MER-103249,2026-07-17,Customer 3143,Enterprise,South,Rahul Nair,Power Tools,5,7016.96,0,35084.80,Net 60,Delivered,2
MER-100098,2026-07-11,Customer 1200,Mid-Market,West,Anita Rao,Lubricants,10,1307.84,5,12424.48,Net 30,Delivered,13
MER-102241,2026-09-16,Customer 4659,SMB,North,Vikram Shah,Power Tools,2,7342.47,0,14684.94,Net 30,DELIVERED,18
MER-103232,2026-09-06,Customer 3093,Mid-Market,North,Anita Rao,Electricals,10,2731.41,0,27314.10,Net 60,Delivered,15
MER-100299,2026-08-09,Customer 4940,Small Business,West,Vikram Shah,Lubricants,1,1284.61,0,1284.61,Net 30,Delivered,7
MER-100982,2026-07-16,Customer 1604,SMB,South,Vikram Shah,Lubricants,2,1401.95,0,2803.90,Prepaid,delivered,6
MER-103920,2026-09-11,Customer 2835,Mid-Market,East,Meera Iyer,Hand Tools,5,1113.17,8,5120.58,Net 60,cancelled,
MER-103936,2026-09-22,Customer 4084,Enterprise,West,Karan Bhatia,Bearings & Drives,100,4767.82,12,419568.16,Net 30,Delivered,11
MER-100965,2026-07-31,Customer 3402,SMB,South,Meera Iyer,Bearings & Drives,5,4828.86,0,24144.30,Prepaid,Pending,
MER-103131,2026-08-24,Customer 2707,Mid-Market,West,Vikram Shah,Fasteners,5,334.52,0,1672.60,Net 60,Pending,
MER-100047,2026-07-15,Customer 2187,SMB,South,Rahul Nair,Safety Equipment,3,1809.72,5,5157.70,Net 30,Delivered,12
MER-103505,2026-08-03,Customer 3733,Mid-Market,North,Anita Rao,Power Tools,10,7780.27,5,103003.80,Net 30,returned,3
MER-102169,2026-07-18,Customer 1092,SMB,East,Priya Menon,Bearings & Drives,2,3995.47,0,7990.94,Net 60,Delivered,9
MER-100532,2026-07-24,Customer 3122,SMB, West,Rahul Nair,Electricals,1,3000.14,5,2850.13,Net 30,pending,
MER-102324,2026-07-22,Customer 4984,Mid-Market,North,Priya Menon,Power Tools,2,8254.82,0,16509.64,Net 60,Cancelled,
MER-102367,2026-08-07,Customer 1316,Mid-Market,West,Anita Rao,Hand Tools,2,1035.35,8,1905.04,Net 30,delivered,17
MER-103004,2026-08-08,Customer 3595,SMB,West,Priya Menon,Electricals,1,3317.62,5,3151.74,Prepaid,Delivered,17
MER-103243,2026-08-18,Customer 4306,SMB,West,Karan Bhatia,Fasteners,3,329.01,0,987.03,Net 30,DELIVERED,15
MER-100579,2026-09-13,Customer 1650,SMB,North,Priya Menon,Safety Equipment,1,1979.54,0,1979.54,Net 30,Delivered,21
MER-102158,2026-09-23,Customer 3733,Mid-Market,West,Karan Bhatia,Safety Equipment,2,1873.91,5,3560.43,Net 30,Delivered,10
MER-103829,2026-09-24,Customer 3252,SMB,South,Vikram Shah,Power Tools,2,7241.74,0,14483.48,Net 30,Delivered,7
MER-102577,2026-09-10,Customer 3753,Small Business,West,Meera Iyer,Fasteners,2,375.73,5,713.89,Net 30,Delivered,9
MER-100157,2026-09-04,Customer 1574,SMB,East,Rahul Nair,Safety Equipment,2,1951.94,0,3903.88,Net 60,CANCELLED,
MER-103838,2026-08-02,Customer 3728,SMB,South,Anita Rao,Safety Equipment,1,1709.64,0,1709.64,Net 60,returned,3
MER-103744,2026-08-08,Customer 2155,SMB,West,Anita Rao,Hand Tools,1,1041.95,0,1041.95,Net 30,Delivered,11
MER-100610,2026-07-13,Customer 3821,SMB,North,Meera Iyer,Safety Equipment,1,1638.66,5,1556.73,Net 60,Returned,4
MER-103904,2026-08-11,Customer 1468,SMB,North,Anita Rao,Hand Tools,3,889.54,0,4619.98,Net 30,Delivered,20
MER-100745,2026-09-29,Customer 2663,SMB,West,Karan Bhatia,Safety Equipment,2,1649.63,0,3299.26,Net 60,Delivered,9
MER-101300,2026-08-25,Customer 3270,Mid-Market,South,Karan Bhatia,Bearings & Drives,2,3749.44,0,7498.88,Net 30,delivered,10
MER-103676,2026-08-25,Customer 3962,Small Business,West,Anita Rao,Bearings & Drives,3,3803.39,0,11410.17,Prepaid,Delivered,6
MER-101322,2026-08-30,Customer 1654,SMB,West,Anita Rao,Safety Equipment,1,1942.20,0,2572.57,Prepaid,Cancelled,
MER-101275,2026-09-06,Customer 4838,Mid-Market,South,Sneha Kulkarni,Power Tools,10,6730.62,8,61921.70,Prepaid,delivered,16
MER-100020,2026-09-06,Customer 1500,Enterprise,North,Anita Rao,Hand Tools,10,981.47,12,8636.94,Net 30,Delivered,5
MER-100714,2026-07-01,Customer 4797,Mid-Market,West,Meera Iyer,Bearings & Drives,10,4128.67,10,37158.03,Net 30,DELIVERED,16
MER-102778,2026-08-21,Customer 4994,SMB,West,Vikram Shah,Bearings & Drives,2,4931.51,0,9863.02,Net 30,delivered,11
MER-101799,2026-07-31,Customer 4160,Mid-Market,West,Meera Iyer,Bearings & Drives,25,4881.26,0,122031.50,Prepaid,Pending,
MER-102248,2026-07-24,Customer 2653,SMB,North,Arjun Desai,Hand Tools,2,934.96,0,1869.92,Net 60,Delivered,4
MER-101269,2026-07-01,Customer 2277,Mid-Market,West,Meera Iyer,Electricals,5,3193.54,8,14690.28,Net 30,Delivered,6
MER-100453,2026-09-27,Customer 1554,Small Business,North,Sneha Kulkarni,Pneumatics,3,4917.92,0,14753.76,Net 30,pending,
MER-103129,2026-07-01,Customer 3570,Small Business,South,Sneha Kulkarni,Safety Equipment,1,1634.34,0,1634.34,Prepaid,Delivered,10
MER-103281,2026-07-30,Customer 1317,SMB,West,Arjun Desai,Safety Equipment,2,1810.68,0,3621.36,Net 30,pending,
MER-100271,2026-09-11,Customer 1025,Mid-Market,East ,Arjun Desai,Power Tools,10,7297.17,8,67133.96,Net 30,Delivered,2
MER-100587,2026-07-24,Customer 3093,Mid-Market,North,Sneha Kulkarni,Pneumatics,5,4596.33,0,22981.65,Net 30,Delivered,8
MER-100122,2026-07-21,Customer 1436,Mid-Market,West,Rahul Nair,Pneumatics,2,4921.51,0,9843.02,Prepaid,PENDING,
MER-102419,2026-09-28,Customer 4643,SMB,North,Karan Bhatia,Power Tools,2,7120.69,0,14241.38,Net 30,Delivered,20
MER-103750,2026-07-25,Customer 4385,SMB,West,Priya Menon,Lubricants,3,1637.86,0,4913.58,Net 60,Delivered,20
MER-102347,2026-07-30,Customer 2821,Small Business,West,Priya Menon,Fasteners,1,339.21,0,339.21,Prepaid,delivered,18
MER-102096,2026-07-11,Customer 4619,SMB,South,Anita Rao,Pneumatics,1,5098.46,5,4843.54,Net 30,delivered,14
MER-100658,2026-09-17,Customer 4302,SMB,South,Priya Menon,Hand Tools,1,1086.60,5,1032.27,Net 30,Delivered,7
MER-100647,2026-08-25,Customer 3132,SMB,South,Vikram Shah,Safety Equipment,3,1829.55,5,5214.22,Net 60,Delivered,14
MER-100302,2026-09-06,Customer 2856,SMB,North,Arjun Desai,Bearings & Drives,2,4022.59,5,7642.92,Net 30,pending,
MER-100197,2026-09-08,Customer 4592,Mid-Market,West,Priya Menon,Electricals,25,3586.62,10,80698.95,Net 60,Delivered,11
MER-101004,2026-08-20,Customer 3366,Mid-Market,South,Sneha Kulkarni,Electricals,25,3062.13,5,72725.59,Prepaid,delivered,20
MER-103246,2026-08-21,Customer 3895,Mid-Market,West,Karan Bhatia,Bearings & Drives,5,4659.79,0,23298.95,Net 60,delivered,20
MER-103498,2026-07-24,Customer 3063,Enterprise,North,Karan Bhatia,Electricals,10,3257.31,10,29315.79,Net 30,delivered,18
MER-100192,2026-07-11,Customer 1324,Small Business,North,Anita Rao,Hand Tools,5,942.22,0,7796.52,Net 60,Delivered,11
MER-100826,2026-08-30,Customer 3518,Mid-Market,East,Vikram Shah,Safety Equipment,5,1603.91,10,7217.60,Net 30,Delivered,3
MER-102517,2026-09-16,Customer 3964,Enterprise,North,Anita Rao,Electricals,10,3091.86,15,,Net 30,Cancelled,
MER-100479,2026-09-21,Customer 4570,Mid-Market,North,Sneha Kulkarni,Safety Equipment,10,1636.94,0,16369.40,Net 60,Delivered,18
MER-103397,2026-07-29,Customer 2195,Mid-Market, North,Anita Rao,Electricals,2,3282.03,10,5907.65,Prepaid,Delivered,4
MER-100653,2026-07-26,Customer 2625,Enterprise,South,Arjun Desai,Safety Equipment,50,1827.77,15,77680.22,Net 30,Delivered,18
MER-103616,2026-08-26,Customer 3318,Mid-Market,East,Priya Menon,Pneumatics,10,5885.26,8,54144.39,Prepaid,Delivered,15
MER-103606,2026-08-06,Customer 2275,Small Business,North,Arjun Desai,Electricals,2,3032.08,0,6064.16,Prepaid,Returned,15
MER-103006,2026-08-21,Customer 3800,SMB,North,Anita Rao,Lubricants,1,1516.77,0,1516.77,Net 30,cancelled,
MER-102670,2026-08-01,Customer 3341,Enterprise,East,Meera Iyer,Bearings & Drives,50,3793.26,8,174489.96,Net 30,Pending,
MER-101022,2026-08-03,Customer 4728,Mid-Market, North,Priya Menon,Pneumatics,10,5401.12,10,48610.08,Prepaid,Delivered,2
MER-101854,2026-09-20,Customer 3516,Mid-Market,North,Vikram Shah,Electricals,5,2917.30,0,14586.50,Net 30,returned,17
MER-103603,2026-08-20,Customer 2555,Mid-Market,South,Arjun Desai,Power Tools,2,7595.21,0,15190.42,Prepaid,Delivered,5
MER-103443,2026-08-03,Customer 2780,Mid-Market,South,Priya Menon,Hand Tools,10,867.82,5,8244.29,Net 30,Delivered,7
MER-100298,2026-08-25,Customer 1153,SMB,West,Karan Bhatia,Power Tools,1,7251.62,0,7251.62,Net 60,delivered,2
MER-100525,2026-09-30,Customer 4810,Enterprise,East,Vikram Shah,Bearings & Drives,10,4693.91,8,43183.97,Net 30,Delivered,14
MER-103753,2026-09-11,Customer 2395,Mid-Market,East,Karan Bhatia,Bearings & Drives,5,4000.70,0,20003.50,Net 30,Delivered,2
MER-102460,2026-07-03,Customer 3287,SMB,South,Meera Iyer,Power Tools,2,7211.34,0,14422.68,Net 30,Delivered,9
MER-102046,2026-07-02,Customer 3418,SMB,West,Sneha Kulkarni,Bearings & Drives,2,4807.08,0,9614.16,Net 30,Delivered,17
MER-100256,2026-09-14,Customer 4925,Enterprise,South,Karan Bhatia,Fasteners,10,293.21,10,2638.89,Prepaid,Delivered,2
MER-101186,2026-08-26,Customer 4206,SMB,North,Arjun Desai,Bearings & Drives,1,4169.89,0,4169.89,Net 60,Delivered,12
MER-103462,2026-08-23,Customer 1316,SMB,North,Meera Iyer,Lubricants,2,1618.35,0,3236.70,Net 30,Pending,
MER-103743,2026-07-09,Customer 2508,SMB,South,Rahul Nair,Electricals,2,2888.39,0,5776.78,Prepaid,Pending,
MER-101203,2026-09-21,Customer 3668,SMB,West,Meera Iyer,Pneumatics,1,6253.23,0,6253.23,Prepaid,Delivered,7
MER-101645,2026-09-21,Customer 2203,Mid-Market,North,Sneha Kulkarni,Pneumatics,5,4603.89,0,23019.45,Net 30,Delivered,4
MER-100251,2026-09-18,Customer 3301,Mid-Market,North,Meera Iyer,Fasteners,5,331.78,0,1658.90,Prepaid,Delivered,16
MER-102815,2026-09-04,Customer 2504,SMB,East,Sneha Kulkarni,Power Tools,1,8114.25,0,8114.25,Net 30,Pending,
MER-100604,2026-07-29,Customer 3103,Mid-Market, North,Anita Rao,Bearings & Drives,10,4576.53,0,83500.51,Prepaid,Delivered,7
MER-100383,2026-07-11,Customer 2962,Small Business,West,Priya Menon,Pneumatics,1,5158.03,0,5158.03,Prepaid,Pending,
MER-101744,2026-07-18,Customer 1178,Mid-Market,South,Karan Bhatia,Bearings & Drives,2,4523.24,8,8322.76,Prepaid,Delivered,8
MER-103276,2026-07-05,Customer 4032,SMB,West,Vikram Shah,Bearings & Drives,1,3792.30,0,3792.30,Net 30,Delivered,10
MER-103159,2026-09-29,Customer 3504,Mid-Market,West,Sneha Kulkarni,Electricals,5,3547.17,10,15962.26,Net 30,Delivered,3
MER-101492,2026-09-23,Customer 1164,SMB,West,Priya Menon,Hand Tools,1,938.79,0,938.79,Prepaid,Delivered,9
MER-102871,2026-08-20,Customer 3416,SMB,North,Anita Rao,Power Tools,1,7041.31,5,6689.24,Net 30,Delivered,12
MER-100616,2026-08-13,Customer 1805,Mid-Market,West,Meera Iyer,Hand Tools,2,1065.26,8,1960.08,Net 60,delivered,12
MER-101750,2026-08-31,Customer 3895,SMB,West,Vikram Shah,Electricals,2,3333.96,0,6667.92,Prepaid,Delivered,3
MER-100268,2026-08-31,Customer 3937,Mid-Market,South,Meera Iyer,Lubricants,10,1586.85,0,15868.50,Prepaid,Delivered,20
MER-103512,2026-07-06,Customer 3638,Mid-Market,East,Karan Bhatia,Lubricants,10,1640.72,8,15094.62,Net 30,Cancelled,
MER-103466,2026-08-23,Customer 3998,Mid-Market,East,Sneha Kulkarni,Safety Equipment,10,2074.67,8,19086.96,Net 60,Delivered,3
MER-103197,2026-07-02,Customer 1026,Enterprise,North,Arjun Desai,Bearings & Drives,50,4498.80,10,202446.00,Net 30,DELIVERED,13
MER-103501,2026-07-21,Customer 2295,SMB,North,Anita Rao,Lubricants,1,1546.21,0,1546.21,Net 30,Delivered,2
MER-101662,2026-09-20,Customer 1567,Mid-Market,West,Meera Iyer,Fasteners,25,316.74,5,7522.57,Net 30,Delivered,9
MER-101187,2026-07-18,Customer 1939,Enterprise,North,Karan Bhatia,Bearings & Drives,5,4349.06,10,19570.77,Net 30,Delivered,19
MER-100927,2026-09-02,Customer 1744,Enterprise,North,Meera Iyer,Safety Equipment,100,1751.45,12,154127.60,Prepaid,Cancelled,
MER-100671,2026-07-09,Customer 3989,Mid-Market,West,Anita Rao,Electricals,5,3061.31,5,25575.76,Net 60,Returned,5
MER-101256,2026-08-05,Customer 3024,SMB,West,Anita Rao,Fasteners,2,340.35,0,680.70,Net 30,Delivered,8
MER-102327,2026-09-18,Customer 2501,SMB, South,Arjun Desai,Fasteners,1,345.44,0,345.44,Net 30,delivered,16
MER-103805,2026-07-05,Customer 2162,SMB,West,Rahul Nair,Hand Tools,1,899.32,0,899.32,Net 60,Delivered,5
MER-100316,2026-07-26,Customer 2266,Mid-Market,North,Vikram Shah,Safety Equipment,2,2033.52,8,3741.68,Net 30,Delivered,5
MER-100159,2026-07-15,Customer 3930,Mid-Market,West,Meera Iyer,Hand Tools,2,1095.22,0,2190.44,Net 30,Delivered,13
MER-100748,2026-09-17,Customer 4895,Enterprise,West,Sneha Kulkarni,Lubricants,10,1302.66,5,20036.68,Net 60,Returned,9
MER-101622,2026-08-27,Customer 2970,Mid-Market,East,Anita Rao,Fasteners,2,289.53,5,550.11,Net 30,Cancelled,
MER-100925,2026-07-28,Customer 4160,SMB,East,Meera Iyer,Safety Equipment,1,1547.13,0,1547.13,Net 30,Delivered,10
MER-103911,2026-07-01,Customer 4684,SMB,North,Meera Iyer,Pneumatics,1,5347.16,5,5079.80,Net 30,Delivered,17
MER-103312,2026-08-06,Customer 2541,Mid-Market,West,Rahul Nair,Lubricants,2,1446.72,0,2893.44,Prepaid,Delivered,21
MER-101428,2026-07-12,Customer 2437,SMB,North,Vikram Shah,Hand Tools,1,1102.07,5,1046.97,Net 30,Pending,
MER-102803,2026-07-04,Customer 4731,SMB,West,Sneha Kulkarni,Fasteners,2,334.27,5,635.11,Net 30,Delivered,19
MER-102001,2026-08-10,Customer 2653,SMB,South,Anita Rao,Hand Tools,1,962.49,0,962.49,Net 60,returned,18
MER-102573,2026-08-22,Customer 3282,Mid-Market,North,Karan Bhatia,Bearings & Drives,10,4466.87,10,40201.83,Net 30,Delivered,6
MER-100584,2026-07-30,Customer 3290,SMB,East,Meera Iyer,Bearings & Drives,2,4091.35,0,8182.70,Net 30,Delivered,10
MER-102983,2026-08-05,Customer 1059,SMB,South,Karan Bhatia,Bearings & Drives,2,4199.48,0,8398.96,Prepaid,Delivered,18
MER-103611,2026-07-22,Customer 4302,SMB,North,Rahul Nair,Safety Equipment,3,1827.04,0,5481.12,Prepaid,Delivered,13
MER-103888,2026-07-08,Customer 2387,SMB,North,Sneha Kulkarni,Fasteners,2,375.93,0,751.86,Prepaid,Returned,11
MER-100204,2026-09-04,Customer 1172,Enterprise,West ,Vikram Shah,Fasteners,25,307.08,8,15780.26,Net 30,DELIVERED,3
MER-101329,2026-07-06,Customer 2596,Mid-Market,South,Priya Menon,Safety Equipment,2,1612.73,0,3225.46,Net 30,Delivered,12
MER-103926,2026-08-18,Customer 1484,Mid-Market,South,Karan Bhatia,Safety Equipment,2,1902.76,8,3501.08,Prepaid,delivered,7
MER-100594,2026-09-09,Customer 2324,Enterprise,North,Rahul Nair,Hand Tools,50,1072.00,8,49312.00,Net 30,Cancelled,
MER-102496,2026-09-22,Customer 4302,Enterprise,North,Sneha Kulkarni,Electricals,5,2823.59,10,12706.16,Net 30,delivered,12
MER-103043,2026-09-06,Customer 3143,Small Business,East,Sneha Kulkarni,Lubricants,2,1232.61,0,2465.22,Net 60,Pending,
MER-103437,2026-08-08,Customer 1101,Mid-Market,East,Priya Menon,Power Tools,2,7198.62,10,12957.52,Net 30,delivered,10
MER-101505,2026-07-29,Customer 1558,SMB,North,Anita Rao,Fasteners,3,369.67,0,1678.60,Net 30,delivered,10
MER-102123,2026-07-26,Customer 1298,SMB,North,Vikram Shah,Pneumatics,1,6110.21,0,6110.21,Net 30,DELIVERED,8
MER-101384,2026-08-19,Customer 4925,SMB,East ,Rahul Nair,Hand Tools,1,1050.47,5,997.95,Prepaid,Delivered,11
MER-103147,2026-09-24,Customer 4981,Mid-Market,South,Rahul Nair,Bearings & Drives,25,4097.13,8,94233.99,Net 30,Returned,16
MER-100308,2026-08-13,Customer 2083,Enterprise,North,Meera Iyer,Hand Tools,25,994.98,8,22884.54,Prepaid,Delivered,14
MER-102852,2026-07-13,Customer 4964,SMB,West,Anita Rao,Pneumatics,2,6202.25,0,20110.85,Net 60,Delivered,16
MER-100055,2026-09-27,Customer 2343,SMB,West,Anita Rao,Lubricants,1,1394.45,5,1803.30,Net 30,DELIVERED,4
MER-102503,2026-08-19,Customer 1780,Mid-Market,South,Anita Rao,Power Tools,5,6773.65,8,45326.72,Net 60,Delivered,4
MER-102640,2026-09-26,Customer 4149,Enterprise,North,Rahul Nair,Safety Equipment,25,1569.19,8,36091.37,Prepaid,Delivered,2
MER-100646,2026-09-10,Customer 3269,SMB,North,Rahul Nair,Pneumatics,3,5771.99,0,17315.97,Net 30,Delivered,8
MER-100758,2026-07-11,Customer 1301,SMB,South,Rahul Nair,Lubricants,1,1274.60,0,,Net 60,Delivered,20
MER-102372,2026-09-13,Customer 1762,SMB,North,Karan Bhatia,Lubricants,1,1507.09,0,1507.09,Net 30,Delivered,10
MER-102863,2026-08-22,Customer 2822,Mid-Market,West,Rahul Nair,Electricals,5,3136.81,0,15684.05,Net 30,Delivered,17
MER-103583,2026-07-21,Customer 2715,Small Business,South,Vikram Shah,Lubricants,1,1513.25,0,1513.25,Prepaid,DELIVERED,17
MER-102100,2026-07-13,Customer 4560,Mid-Market,North,Sneha Kulkarni,Power Tools,2,7662.76,8,14099.48,Net 60,delivered,13
MER-101444,2026-08-27,Customer 4920,Enterprise,North ,Rahul Nair,Lubricants,5,1285.14,8,5911.64,Net 30,CANCELLED,
MER-103034,2026-09-17,Customer 4173,SMB, North,Karan Bhatia,Power Tools,1,7337.20,0,7337.20,Net 30,Pending,
MER-103912,2026-09-28,Customer 3939,Mid-Market,West,Arjun Desai,Pneumatics,5,5308.88,10,23889.96,Prepaid,Delivered,19
MER-100924,2026-08-17,Customer 1279,Enterprise,East,Rahul Nair,Fasteners,10,304.05,15,2584.42,Net 30,Delivered,5
MER-102653,2026-07-10,Customer 2255,Mid-Market,South ,Rahul Nair,Power Tools,10,7605.27,8,69968.48,Net 30,Delivered,8
MER-103661,2026-07-13,Customer 4969,Mid-Market,West,Vikram Shah,Fasteners,2,283.97,5,539.54,Net 30,Delivered,11
MER-103183,2026-07-22,Customer 2907,Mid-Market,South,Meera Iyer,Lubricants,25,1597.76,0,39944.00,Prepaid,Pending,
MER-100971,2026-07-12,Customer 4618,SMB,North,Sneha Kulkarni,Hand Tools,1,983.53,0,983.53,Net 30,delivered,9
MER-100570,2026-09-23,Customer 3803,SMB,South,Vikram Shah,Fasteners,1,375.04,0,375.04,Prepaid,Delivered,18
MER-102041,2026-07-26,Customer 2986,SMB,East,Rahul Nair,Safety Equipment,2,2009.59,0,4019.18,Prepaid,delivered,20
MER-101017,2026-08-09,Customer 3248,Mid-Market,North,Anita Rao,Bearings & Drives,5,4955.09,0,24775.45,Net 60,delivered,20
MER-101653,2026-09-13,Customer 1619,SMB,South,Arjun Desai,Safety Equipment,3,2034.31,5,5797.78,Net 30,Delivered,4
MER-101649,2026-09-17,Customer 2965,Mid-Market,East,Arjun Desai,Lubricants,2,1438.31,0,2876.62,Net 60,Pending,
MER-101102,2026-09-08,Customer 3989,SMB,South,Rahul Nair,Lubricants,1,1264.98,0,1264.98,Net 60,delivered,3
MER-101753,2026-07-28,Customer 3837,Enterprise,East,Meera Iyer,Pneumatics,10,5663.30,10,50969.70,Net 60,Delivered,19
MER-101398,2026-08-08,Customer 2855,Mid-Market,South,Anita Rao,Hand Tools,5,896.10,8,5803.97,Prepaid,Pending,
MER-103003,2026-07-04,Customer 2867,Mid-Market,North,Arjun Desai,Fasteners,5,295.79,0,1478.95,Prepaid,Cancelled,
MER-102701,2026-09-17,Customer 3507,SMB,South,Karan Bhatia,Hand Tools,1,848.79,0,848.79,Prepaid,Pending,
MER-102131,2026-08-10,Customer 2221,Mid-Market,South,Karan Bhatia,Safety Equipment,2,2059.08,5,3912.25,Net 60,Returned,21
MER-100689,2026-08-15,Customer 4747,Mid-Market,North,Arjun Desai,Safety Equipment,10,2016.15,0,20161.50,Prepaid,Delivered,5
MER-103107,2026-08-31,Customer 1927,SMB,South,Rahul Nair,Power Tools,2,8771.23,0,,Prepaid,delivered,5
MER-103906,2026-09-27,Customer 4523,SMB, South,Rahul Nair,Electricals,1,3441.61,0,3441.61,Prepaid,Pending,
MER-102249,2026-08-10,Customer 1828,SMB,North,Priya Menon,Fasteners,2,345.25,5,655.98,Net 30,Returned,14
MER-103323,2026-08-09,Customer 4241,Mid-Market,North,Rahul Nair,Safety Equipment,5,1784.10,0,8920.50,Prepaid,pending,
MER-100514,2026-07-26,Customer 1893,Mid-Market,South,Karan Bhatia,Power Tools,5,7790.32,0,38951.60,Net 30,Delivered,5
MER-103999,2026-07-29,Customer 1127,SMB,West,Arjun Desai,Fasteners,2,354.23,0,708.46,Net 30,Delivered,2
MER-102534,2026-08-12,Customer 4602,SMB,East,Priya Menon,Hand Tools,1,1084.40,0,1084.40,Net 60,delivered,6
MER-102441,2026-07-28,Customer 2699,SMB,North,Meera Iyer,Fasteners,2,280.74,0,561.48,Net 60,Delivered,9
MER-102886,2026-07-11,Customer 1705,Mid-Market, West,Karan Bhatia,Bearings & Drives,5,4226.16,0,21130.80,Net 30,delivered,16
MER-100091,2026-09-17,Customer 4461,SMB,West,Karan Bhatia,Electricals,2,2796.23,0,5592.46,Net 30,Delivered,13
MER-103269,2026-09-28,Customer 1995,Enterprise,West,Karan Bhatia,Power Tools,5,7743.63,5,36782.24,Net 30,Delivered,3
MER-100423,2026-09-27,Customer 4603,Enterprise,West,Vikram Shah,Pneumatics,10,4656.58,5,89665.68,Net 30,Delivered,13
MER-100667,2026-08-09,Customer 1786,Mid-Market,West,Rahul Nair,Hand Tools,5,846.22,0,4231.10,Net 30,Delivered,20
MER-102680,2026-08-21,Customer 3830,Mid-Market,North,Priya Menon,Fasteners,5,300.50,8,1382.30,Net 60,delivered,9
MER-103180,2026-08-13,Customer 2990,Enterprise,South,Sneha Kulkarni,Fasteners,10,341.53,0,3415.30,Prepaid,delivered,10
MER-102866,2026-08-15,Customer 1761,Mid-Market,South,Karan Bhatia,Electricals,10,3315.38,5,31496.11,Net 60,delivered,20
MER-103417,2026-09-11,Customer 1020,SMB, North,Meera Iyer,Safety Equipment,1,2053.07,0,2053.07,Net 30,Delivered,17
MER-101590,2026-09-27,Customer 3194,Mid-Market,East,Karan Bhatia,Lubricants,2,1527.96,0,3055.92,Net 30,Pending,
MER-103304,2026-09-08,Customer 3819,Mid-Market,North,Arjun Desai,Lubricants,2,1512.03,10,2721.65,Prepaid,Delivered,7
MER-101044,2026-09-09,Customer 4214,SMB, West,Arjun Desai,Fasteners,3,273.51,0,820.53,Net 30,Delivered,8
MER-101441,2026-07-25,Customer 3756,SMB,South,Vikram Shah,Power Tools,2,7129.67,5,13546.37,Net 60,Delivered,18
MER-102862,2026-07-30,Customer 4578,SMB,South,Priya Menon,Power Tools,1,8713.65,0,8713.65,Prepaid,Delivered,10
MER-102602,2026-07-28,Customer 2771,Enterprise,West,Meera Iyer,Pneumatics,25,5441.02,15,115621.68,Prepaid,DELIVERED,21
MER-103584,2026-08-23,Customer 2169,Enterprise,West,Anita Rao,Hand Tools,5,896.32,10,13486.55,Net 60,delivered,7
MER-103636,2026-09-30,Customer 2526,Mid-Market,North ,Sneha Kulkarni,Hand Tools,2,1101.69,8,2027.11,Net 30,Delivered,18
MER-102796,2026-07-29,Customer 2761,Enterprise,North,Arjun Desai,Fasteners,50,355.92,15,15126.60,Net 60,Delivered,19
MER-102075,2026-07-29,Customer 4877,Enterprise,West,Priya Menon,Pneumatics,50,5383.12,5,255698.20,Net 60,Delivered,16
MER-100146,2026-09-19,Customer 3348,Enterprise,West,Karan Bhatia,Hand Tools,10,1002.11,12,15399.20,Prepaid,delivered,6
MER-100864,2026-09-09,Customer 2532,Mid-Market,South,Arjun Desai,Electricals,5,3342.33,8,15374.72,Net 60,Cancelled,
MER-103144,2026-09-07,Customer 1281,Enterprise,North,Rahul Nair,Hand Tools,100,1052.99,8,96875.08,Net 30,cancelled,
MER-103614,2026-09-18,Customer 1455,SMB,North,Anita Rao,Electricals,3,3232.29,5,9212.03,Prepaid,Delivered,5
MER-100004,2026-08-26,Customer 4832,Mid-Market,North,Rahul Nair,Lubricants,2,1371.63,8,2523.80,Net 30,delivered,8
MER-100663,2026-07-18,Customer 2085,Enterprise,South,Arjun Desai,Safety Equipment,5,1969.15,5,9353.46,Net 60,Delivered,5
MER-103327,2026-08-17,Customer 3916,SMB,West,Meera Iyer,Fasteners,3,352.36,5,1004.23,Net 30,Delivered,3
MER-101182,2026-07-01,Customer 1824,Small Business,East,Rahul Nair,Pneumatics,1,6205.49,0,6205.49,Prepaid,Delivered,10
MER-102979,2026-07-31,Customer 3329,SMB,East,Karan Bhatia,Electricals,1,3367.18,5,3198.82,Prepaid,Delivered,19
MER-103084,2026-09-21,Customer 4950,SMB,West,Rahul Nair,Fasteners,1,299.74,0,299.74,Net 30,Delivered,2
MER-101679,2026-07-03,Customer 3322,SMB,East,Sneha Kulkarni,Hand Tools,1,917.55,0,917.55,Net 30,Delivered,11
MER-101392,2026-09-05,Customer 1446,SMB,North,Meera Iyer,Safety Equipment,3,1542.34,0,4627.02,Net 30,Delivered,7
MER-103250,2026-07-11,Customer 3452,SMB,South,Sneha Kulkarni,Lubricants,1,1480.01,0,1480.01,Net 30,Delivered,3
MER-100292,2026-09-23,Customer 4319,SMB,West,Vikram Shah,Hand Tools,3,1090.15,0,3270.45,Net 60,Delivered,14
MER-102825,2026-08-07,Customer 3575,SMB,West,Arjun Desai,Bearings & Drives,1,3710.22,0,3710.22,Net 30,Delivered,19
MER-101965,2026-07-21,Customer 2429,Small Business,West,Arjun Desai,Fasteners,1,295.90,0,295.90,Net 60,Delivered,16
MER-100025,2026-09-24,Customer 1110,SMB,South,Rahul Nair,Electricals,1,3628.85,0,3628.85,Net 60,Delivered,2
MER-101178,2026-08-02,Customer 2311,Enterprise,North,Vikram Shah,Lubricants,5,1357.43,0,6787.15,Prepaid,DELIVERED,15
MER-101313,2026-08-27,Customer 1923,SMB,West,Arjun Desai,Electricals,2,3453.60,0,6907.20,Net 60,Delivered,5
MER-103021,2026-09-06,Customer 2103,Enterprise,East,Sneha Kulkarni,Hand Tools,10,939.17,12,8264.70,Net 30,Delivered,2
MER-102310,2026-09-25,Customer 2558,SMB,South,Meera Iyer,Hand Tools,3,945.76,0,2837.28,Net 60,Delivered,3
MER-101263,2026-09-01,Customer 3590,Enterprise,West,Arjun Desai,Power Tools,100,6895.64,15,586129.40,Net 60,Delivered,12
MER-102302,2026-08-02,Customer 2933,Small Business,East,Anita Rao,Safety Equipment,2,1910.56,0,3821.12,Net 30,Returned,15
MER-102180,2026-08-27,Customer 3058,Mid-Market,South,Anita Rao,Power Tools,2,7191.51,8,22915.30,Net 60,Delivered,6
MER-103064,2026-08-13,Customer 4623,SMB,North,Vikram Shah,Power Tools,2,7263.84,0,14527.68,Net 30,delivered,9
MER-100370,2026-09-17,Customer 1263,SMB,South,Arjun Desai,Hand Tools,1,981.78,0,981.78,Net 30,Delivered,7
MER-103794,2026-09-25,Customer 4410,Enterprise, North,Anita Rao,Lubricants,25,1353.37,8,31127.51,Prepaid,delivered,21
MER-100543,2026-08-24,Customer 3171,Mid-Market,West,Vikram Shah,Pneumatics,2,5840.40,5,11096.76,Prepaid,PENDING,
MER-101534,2026-09-06,Customer 2769,Mid-Market,North,Meera Iyer,Electricals,10,2654.47,8,24421.12,Net 30,DELIVERED,8
MER-101620,2026-09-23,Customer 3217,Enterprise,North,Karan Bhatia,Electricals,50,2771.98,0,138599.00,Net 30,delivered,17
MER-101219,2026-07-23,Customer 2435,Enterprise,South,Arjun Desai,Pneumatics,25,6107.00,10,137407.50,Net 60,delivered,13
MER-102589,2026-07-09,Customer 3477,SMB,West,Sneha Kulkarni,Safety Equipment,2,1728.63,0,3457.26,Prepaid,Delivered,12
MER-102720,2026-07-20,Customer 4918,Enterprise,East,Sneha Kulkarni,Pneumatics,25,5128.72,15,108985.30,Net 30,DELIVERED,10
MER-100908,2026-09-20,Customer 2814,Enterprise,North,Priya Menon,Hand Tools,10,1010.41,0,10104.10,Net 60,Delivered,17
MER-100322,2026-09-13,Customer 2680,SMB,West,Sneha Kulkarni,Bearings & Drives,2,4517.92,0,9035.84,Net 30,Returned,16
MER-103882,2026-08-27,Customer 4872,Small Business,West,Karan Bhatia,Pneumatics,3,4927.66,0,14782.98,Net 30,cancelled,
MER-101180,2026-07-26,Customer 2065,SMB,West,Rahul Nair,Fasteners,2,299.52,5,569.09,Net 30,delivered,6
MER-103632,2026-08-31,Customer 3861,Mid-Market,South,Sneha Kulkarni,Pneumatics,5,6229.87,10,28034.42,Net 30,Delivered,15
MER-100988,2026-09-15,Customer 4463,Small Business,West,Rahul Nair,Pneumatics,1,6266.17,0,6266.17,Net 60,cancelled,
MER-103219,2026-07-16,Customer 3948,SMB,North,Sneha Kulkarni,Pneumatics,3,5608.87,5,15985.28,Net 30,delivered,15
MER-103539,2026-08-18,Customer 3987,Mid-Market,West,Sneha Kulkarni,Pneumatics,25,5124.78,0,128119.50,Net 30,Pending,
MER-100559,2026-08-06,Customer 2300,SMB,South,Karan Bhatia,Bearings & Drives,2,3618.16,0,7236.32,Net 30,Delivered,10
MER-100694,2026-07-04,Customer 2307,SMB,West,Karan Bhatia,Bearings & Drives,1,3880.56,0,3880.56,Net 30,Pending,
MER-100743,2026-08-19,Customer 4037,SMB,East,Rahul Nair,Lubricants,5,1446.98,5,6873.15,Net 30,Delivered,2
MER-100969,2026-07-19,Customer 4267,Mid-Market,South,Priya Menon,Fasteners,25,284.42,5,6754.97,Net 30,Delivered,15
MER-102105,2026-07-24,Customer 2261,Enterprise,South,Priya Menon,Electricals,25,2914.81,0,72870.25,Prepaid,delivered,16
MER-101386,2026-08-12,Customer 4892,Mid-Market,West,Karan Bhatia,Electricals,10,3014.16,10,27127.44,Net 60,Delivered,8
MER-102721,2026-09-20,Customer 2569,SMB,South,Meera Iyer,Hand Tools,3,910.23,0,2730.69,Net 30,Delivered,5
MER-102382,2026-09-22,Customer 4102,SMB,North ,Meera Iyer,Hand Tools,1,898.82,0,898.82,Net 30,Delivered,5
MER-102494,2026-08-13,Customer 4834,SMB,South,Karan Bhatia,Fasteners,1,289.18,0,289.18,Prepaid,Delivered,21
MER-101800,2026-08-24,Customer 1744,Small Business,East,Meera Iyer,Safety Equipment,5,2025.95,0,10129.75,Net 60,DELIVERED,11
MER-100290,2026-07-24,Customer 4652,SMB,North,Priya Menon,Safety Equipment,1,1943.51,0,1943.51,Net 30,delivered,4
MER-103355,2026-09-28,Customer 2910,Mid-Market,East,Vikram Shah,Hand Tools,10,1061.10,0,10611.00,Prepaid,Delivered,19
MER-100795,2026-07-25,Customer 4065,SMB,West,Meera Iyer,Safety Equipment,1,1993.14,5,1893.48,Net 30,delivered,17
MER-102312,2026-07-22,Customer 1858,Enterprise,West,Meera Iyer,Electricals,25,3036.52,5,72117.35,Net 30,delivered,17
MER-101779,2026-09-26,Customer 3221,Mid-Market,South,Rahul Nair,Power Tools,10,8484.92,8,78061.26,Net 60,Delivered,2
MER-103847,2026-07-14,Customer 1317,Enterprise,North,Meera Iyer,Power Tools,25,7993.09,8,183841.07,Prepaid,Delivered,2
MER-102424,2026-08-01,Customer 4724,Mid-Market,North,Sneha Kulkarni,Fasteners,5,319.49,10,1437.71,Prepaid,Returned,16
MER-100374,2026-08-03,Customer 2363,Enterprise,West,Vikram Shah,Pneumatics,25,5627.07,5,133642.91,Net 60,Delivered,3
MER-103398,2026-09-19,Customer 3175,SMB,West,Sneha Kulkarni,Electricals,1,2966.35,5,2818.03,Net 30,Delivered,4
MER-101644,2026-08-10,Customer 4062,Mid-Market,North,Sneha Kulkarni,Electricals,2,3165.31,0,6330.62,Net 30,Delivered,7
MER-100429,2026-07-23,Customer 2346,SMB,North,Karan Bhatia,Power Tools,1,6727.17,0,6727.17,Net 30,Delivered,20
MER-101014,2026-08-15,Customer 1610,Mid-Market,South,Arjun Desai,Bearings & Drives,2,4588.90,0,9177.80,Net 30,Delivered,17
MER-100498,2026-08-03,Customer 3046,SMB,South,Arjun Desai,Pneumatics,1,4883.28,0,4883.28,Net 60,Delivered,12
MER-100058,2026-08-28,Customer 3206,Small Business,South,Vikram Shah,Hand Tools,2,1119.76,0,2239.52,Net 30,DELIVERED,16
MER-103761,2026-08-06,Customer 1027,Enterprise,South,Sneha Kulkarni,Pneumatics,25,6305.12,8,145017.76,Prepaid,returned,12
MER-102949,2026-07-08,Customer 1568,SMB,West,Priya Menon,Power Tools,1,7081.47,5,6727.40,Prepaid,delivered,3
MER-103291,2026-08-17,Customer 1034,Mid-Market,West,Meera Iyer,Hand Tools,10,877.57,10,7898.13,Prepaid,delivered,9
MER-101494,2026-08-10,Customer 1324,SMB,West,Arjun Desai,Safety Equipment,2,2037.80,0,4075.60,Net 30,Delivered,6
MER-102681,2026-07-18,Customer 2339,SMB,North,Karan Bhatia,Safety Equipment,2,1757.66,0,3515.32,Net 30,Returned,9
MER-100679,2026-09-14,Customer 2241,SMB, South,Rahul Nair,Electricals,1,3223.33,5,3062.16,Prepaid,Delivered,12
MER-102965,2026-08-31,Customer 2620,SMB,West,Anita Rao,Lubricants,5,1657.50,0,,Prepaid,Returned,20
MER-102275,2026-07-08,Customer 4559,SMB,South,Meera Iyer,Pneumatics,1,4790.05,5,4550.55,Net 30,Delivered,16
MER-103391,2026-07-09,Customer 3036,Enterprise,North,Priya Menon,Fasteners,50,310.67,15,13203.48,Net 30,Delivered,14
MER-100173,2026-09-10,Customer 1901,Mid-Market,South,Rahul Nair,Electricals,5,2748.58,0,13742.90,Net 30,CANCELLED,
MER-101047,2026-09-22,Customer 2537,Mid-Market,South,Karan Bhatia,Power Tools,5,8020.87,10,36093.92,Prepaid,Delivered,10
MER-100196,2026-07-13,Customer 3423,Mid-Market,North,Rahul Nair,Power Tools,5,8622.57,0,43112.85,Net 30,Delivered,8
MER-102454,2026-09-28,Customer 3455,Mid-Market,North,Rahul Nair,Safety Equipment,10,1928.75,0,19287.50,Net 30,Returned,9
MER-102487,2026-07-05,Customer 1977,Enterprise,West,Sneha Kulkarni,Lubricants,10,1379.44,10,19921.79,Prepaid,Delivered,18
MER-100235,2026-09-14,Customer 3371,Mid-Market,South,Rahul Nair,Lubricants,2,1461.35,0,2922.70,Prepaid,delivered,15
MER-101601,2026-09-29,Customer 3031,SMB,West,Karan Bhatia,Bearings & Drives,1,4640.30,5,4408.28,Net 30,DELIVERED,7
MER-102330,2026-09-07,Customer 4598,SMB,West,Arjun Desai,Safety Equipment,3,1593.97,0,,Net 30,pending,
MER-103440,2026-07-17,Customer 2294,SMB,North,Vikram Shah,Pneumatics,2,4792.00,0,9584.00,Prepaid,delivered,12
MER-100421,2026-09-05,Customer 2430,SMB,West,Anita Rao,Safety Equipment,2,1824.71,0,3649.42,Prepaid,Delivered,15
MER-102026,2026-07-08,Customer 4461,Mid-Market,South,Sneha Kulkarni,Bearings & Drives,10,3854.16,0,38541.60,Net 30,Cancelled,
MER-102858,2026-09-10,Customer 1016,SMB,North,Priya Menon,Hand Tools,1,865.95,5,822.65,Prepaid,Delivered,3
MER-103553,2026-07-10,Customer 2484,SMB,North,Vikram Shah,Fasteners,1,348.87,0,348.87,Net 30,Delivered,12
MER-100932,2026-09-05,Customer 1320,SMB,South,Anita Rao,Hand Tools,2,933.07,5,2523.87,Net 60,delivered,11
MER-103005,2026-07-09,Customer 4344,SMB,East,Priya Menon,Electricals,1,2691.01,0,2691.01,Net 30,Delivered,19
MER-103188,2026-08-08,Customer 4395,SMB,South,Priya Menon,Electricals,1,3406.32,0,3406.32,Net 30,Delivered,13
MER-103245,2026-08-19,Customer 1724,Mid-Market,East,Priya Menon,Electricals,5,2878.23,0,14391.15,Prepaid,Pending,
MER-101913,2026-09-28,Customer 3132,Mid-Market,West,Rahul Nair,Electricals,10,3618.79,10,32569.11,Net 30,Delivered,6
MER-101413,2026-09-09,Customer 3189,SMB,East,Rahul Nair,Bearings & Drives,3,3976.14,0,11928.42,Net 30,pending,
MER-102484,2026-08-06,Customer 1944,Enterprise,West,Sneha Kulkarni,Power Tools,25,8296.74,8,321258.95,Net 30,delivered,9
MER-102365,2026-08-14,Customer 1414,Enterprise,East,Anita Rao,Hand Tools,5,1045.97,8,4811.46,Net 60,Delivered,18
MER-100767,2026-09-11,Customer 4362,SMB,East,Anita Rao,Power Tools,1,7953.06,0,10543.27,Prepaid,delivered,8
MER-100311,2026-08-03,Customer 1434,SMB,North,Arjun Desai,Safety Equipment,1,1566.35,0,1566.35,Net 30,DELIVERED,15
MER-103295,2026-07-21,Customer 1650,Mid-Market,South,Meera Iyer,Power Tools,5,6636.42,0,33182.10,Prepaid,Delivered,20
MER-102213,2026-07-03,Customer 2358,Enterprise,North,Rahul Nair,Lubricants,5,1393.11,8,6408.31,Net 30,Delivered,7
MER-103058,2026-08-29,Customer 2928,Enterprise, West,Rahul Nair,Safety Equipment,25,1555.83,5,82973.69,Prepaid,Pending,
MER-103179,2026-07-22,Customer 4477,Mid-Market,South,Meera Iyer,Hand Tools,10,941.19,10,8470.71,Net 30,Delivered,8
MER-101087,2026-07-18,Customer 2136,SMB,South,Rahul Nair,Power Tools,2,7017.09,0,14034.18,Prepaid,DELIVERED,18
MER-101616,2026-07-15,Customer 1056,SMB,North,Sneha Kulkarni,Electricals,5,3088.98,0,15444.90,Net 30,Delivered,11
MER-100451,2026-08-01,Customer 1939,Mid-Market,West,Arjun Desai,Lubricants,10,1244.21,8,11446.73,Net 30,Delivered,13
MER-101972,2026-09-17,Customer 1190,SMB,South,Karan Bhatia,Pneumatics,5,4653.33,0,23266.65,Net 30,Delivered,16
MER-101360,2026-07-29,Customer 1127,Mid-Market,West,Anita Rao,Power Tools,10,7964.62,5,75663.89,Prepaid,Delivered,18
MER-101249,2026-09-09,Customer 4568,Enterprise,South,Vikram Shah,Lubricants,10,1581.69,12,13918.87,Net 30,delivered,4
MER-100715,2026-08-12,Customer 1183,Mid-Market,East,Meera Iyer,Power Tools,10,7940.71,0,79407.10,Net 60,Delivered,18
MER-100869,2026-08-24,Customer 4271,Mid-Market,South,Vikram Shah,Electricals,10,2883.14,10,25948.26,Net 30,DELIVERED,15
MER-103203,2026-09-15,Customer 3559,Mid-Market,East ,Meera Iyer,Power Tools,10,8767.53,10,78907.77,Net 60,DELIVERED,6
MER-100354,2026-07-21,Customer 1522,SMB,East ,Sneha Kulkarni,Electricals,1,3538.72,0,3538.72,Net 60,Delivered,7
MER-103922,2026-08-04,Customer 1128,SMB,South,Priya Menon,Pneumatics,3,6247.37,0,18742.11,Net 30,Pending,
MER-102462,2026-09-22,Customer 2709,SMB,West,Sneha Kulkarni,Lubricants,1,1481.45,0,1481.45,Net 30,delivered,16
MER-101941,2026-07-12,Customer 1617,Enterprise,West,Priya Menon,Power Tools,50,7972.77,10,811488.73,Net 30,Delivered,21
MER-101260,2026-08-08,Customer 2008,Mid-Market,South,Rahul Nair,Fasteners,10,308.51,0,3085.10,Net 30,DELIVERED,14
MER-100203,2026-07-27,Customer 2337,Enterprise,West,Karan Bhatia,Fasteners,100,287.79,10,57186.89,Net 60,PENDING,
MER-102526,2026-08-24,Customer 1390,Enterprise,South,Rahul Nair,Fasteners,50,341.43,15,14510.77,Prepaid,Delivered,9
MER-102992,2026-08-27,Customer 4992,Mid-Market,West,Rahul Nair,Power Tools,5,8689.48,0,43447.40,Net 30,pending,
MER-102271,2026-08-12,Customer 4773,SMB,West,Karan Bhatia,Bearings & Drives,5,3661.94,0,18309.70,Net 30,Cancelled,
MER-102108,2026-08-08,Customer 2086,Enterprise, South,Karan Bhatia,Lubricants,25,1622.18,8,37310.14,Prepaid,Delivered,7
MER-103697,2026-09-16,Customer 1552,Small Business,North,Meera Iyer,Electricals,1,3043.39,0,3043.39,Net 60,PENDING,
MER-101057,2026-07-25,Customer 3881,Mid-Market,West,Priya Menon,Pneumatics,5,5361.71,5,25468.12,Net 30,Delivered,12
MER-102877,2026-08-17,Customer 4211,SMB,South,Meera Iyer,Electricals,1,3468.57,0,3468.57,Net 60,Delivered,17
MER-102215,2026-09-03,Customer 1431,Mid-Market,West,Priya Menon,Bearings & Drives,5,4240.65,8,19506.99,Net 30,pending,
MER-102423,2026-09-30,Customer 1390,SMB,South,Anita Rao,Power Tools,1,6881.11,0,6881.11,Net 60,Delivered,11
MER-100132,2026-07-16,Customer 1554,Mid-Market,North,Priya Menon,Safety Equipment,5,1651.98,10,7433.91,Prepaid,Delivered,7
MER-100712,2026-07-30,Customer 4260,SMB,West,Priya Menon,Electricals,2,3175.79,0,6351.58,Net 30,Delivered,13
MER-103806,2026-08-27,Customer 1348,SMB,East,Meera Iyer,Pneumatics,2,5491.28,0,10982.56,Net 30,PENDING,
MER-103416,2026-07-23,Customer 1818,SMB,West,Priya Menon,Power Tools,1,7498.05,0,7498.05,Net 30,PENDING,
MER-103640,2026-08-22,Customer 2842,Mid-Market,West,Priya Menon,Hand Tools,10,837.96,0,8379.60,Net 60,Delivered,20
MER-103517,2026-09-14,Customer 4242,Mid-Market,South,Meera Iyer,Power Tools,2,8363.73,0,16727.46,Prepaid,Delivered,20
MER-102422,2026-08-12,Customer 3657,SMB,South,Priya Menon,Bearings & Drives,1,4717.65,0,4717.65,Prepaid,Cancelled,
MER-101725,2026-09-01,Customer 1704,SMB,West,Anita Rao,Lubricants,1,1474.77,0,2625.07,Net 30,Delivered,19
MER-103181,2026-08-18,Customer 1250,Mid-Market,West,Sneha Kulkarni,Power Tools,10,8501.15,0,85011.50,Net 30,delivered,3
MER-102563,2026-09-17,Customer 1170,Enterprise,South,Sneha Kulkarni,Safety Equipment,50,1659.98,10,74699.10,Net 60,Delivered,7
MER-101769,2026-09-19,Customer 2197,Enterprise,West,Anita Rao,Power Tools,5,7169.16,10,57158.86,Net 30,Delivered,9
MER-102049,2026-09-05,Customer 2130,Mid-Market,East,Priya Menon,Safety Equipment,2,1587.79,0,3175.58,Prepaid,Delivered,8
MER-101574,2026-08-08,Customer 2802,SMB,West,Arjun Desai,Safety Equipment,1,1594.32,5,1514.60,Net 60,DELIVERED,6
MER-100900,2026-08-13,Customer 2952,Mid-Market,West,Meera Iyer,Bearings & Drives,2,3879.92,10,6983.86,Prepaid,Delivered,19
MER-100598,2026-09-10,Customer 4421,Mid-Market,North,Karan Bhatia,Lubricants,5,1499.79,5,7124.00,Net 30,Delivered,19
MER-103953,2026-09-21,Customer 3959,Mid-Market,North,Rahul Nair,Safety Equipment,25,1694.94,8,38983.62,Net 30,Delivered,19
MER-101192,2026-08-05,Customer 3332,Mid-Market,East,Rahul Nair,Lubricants,10,1462.48,8,13454.82,Net 60,Delivered,17
MER-101011,2026-08-21,Customer 3340,Small Business,North,Vikram Shah,Pneumatics,2,4849.17,5,9213.42,Net 30,Delivered,6
MER-100372,2026-08-31,Customer 3656,Enterprise,East,Priya Menon,Electricals,25,2863.84,5,68016.20,Prepaid,Delivered,7
MER-103066,2026-09-18,Customer 2300,Mid-Market,West,Sneha Kulkarni,Fasteners,5,292.90,0,1464.50,Net 30,delivered,6
MER-102068,2026-08-14,Customer 4301,Enterprise,South,Karan Bhatia,Electricals,25,3629.86,10,81671.85,Net 60,Delivered,3
MER-102201,2026-09-04,Customer 2903,Mid-Market,South,Sneha Kulkarni,Fasteners,25,321.42,0,8035.50,Net 30,Delivered,12
MER-101628,2026-08-29,Customer 2572,SMB,North,Rahul Nair,Lubricants,2,1671.65,0,3343.30,Net 60,delivered,18
MER-102772,2026-07-02,Customer 4652,SMB,West,Priya Menon,Electricals,5,3199.07,5,15195.58,Net 60,Delivered,19
MER-102609,2026-09-19,Customer 4516,Mid-Market,West,Arjun Desai,Fasteners,5,338.35,0,1691.75,Net 30,Delivered,20
MER-103890,2026-07-22,Customer 1129,SMB,West,Arjun Desai,Power Tools,3,6519.99,0,19559.97,Net 30,Delivered,21
MER-100894,2026-07-09,Customer 4422,Enterprise,West,Karan Bhatia,Electricals,50,3611.97,15,297768.65,Prepaid,Delivered,3
MER-102147,2026-09-19,Customer 2039,Mid-Market,West,Vikram Shah,Pneumatics,2,5350.69,0,10701.38,Net 30,Delivered,5
MER-102591,2026-08-01,Customer 4394,SMB,North,Priya Menon,Hand Tools,2,906.04,0,1812.08,Net 30,delivered,16
MER-100545,2026-09-19,Customer 1965,Mid-Market,West,Sneha Kulkarni,Pneumatics,10,5505.67,0,55056.70,Net 60,DELIVERED,3
MER-100919,2026-08-16,Customer 2397,SMB,West,Priya Menon,Hand Tools,5,1113.37,0,5566.85,Net 30,Delivered,2
MER-101451,2026-08-19,Customer 1473,Mid-Market,West,Vikram Shah,Fasteners,25,282.68,8,6501.64,Prepaid,Delivered,21
MER-100618,2026-09-22,Customer 4576,SMB,South,Meera Iyer,Fasteners,1,364.79,0,364.79,Net 60,Delivered,11
MER-101665,2026-07-07,Customer 3096,SMB,East,Meera Iyer,Safety Equipment,2,2029.85,0,4059.70,Net 30,Cancelled,
MER-103668,2026-08-01,Customer 4608,Mid-Market,West,Meera Iyer,Fasteners,5,311.97,8,1435.06,Prepaid,Delivered,20
MER-101099,2026-08-08,Customer 2053,Enterprise,South,Arjun Desai,Power Tools,25,6763.76,10,152184.60,Net 30,Delivered,16
MER-100832,2026-09-06,Customer 2678,SMB,North,Anita Rao,Bearings & Drives,1,4309.55,5,6867.12,Prepaid,Delivered,20
MER-102606,2026-08-28,Customer 4874,SMB,South,Vikram Shah,Electricals,1,2729.44,0,2729.44,Net 60,Delivered,11
MER-103533,2026-09-19,Customer 1642,SMB,West,Anita Rao,Safety Equipment,3,1747.61,5,4980.69,Prepaid,Delivered,2
MER-100806,2026-09-27,Customer 3402,SMB,East,Arjun Desai,Pneumatics,2,6012.75,0,12025.50,Prepaid,delivered,3
MER-101403,2026-08-05,Customer 3684,Mid-Market,North,Meera Iyer,Fasteners,2,329.21,5,625.50,Net 30,Delivered,10
MER-103639,2026-07-29,Customer 3114,Mid-Market,North,Priya Menon,Safety Equipment,2,1701.83,5,3233.48,Net 30,Delivered,4
MER-100921,2026-08-25,Customer 3012,SMB,North,Karan Bhatia,Electricals,5,2926.33,5,13900.07,Prepaid,Delivered,9
MER-100360,2026-08-02,Customer 1153,Enterprise,West,Meera Iyer,Power Tools,5,8847.13,15,37600.30,Net 30,DELIVERED,10
MER-103921,2026-08-05,Customer 3279,Enterprise,West,Meera Iyer,Bearings & Drives,5,3831.76,15,16284.98,Net 30,Pending,
MER-102171,2026-09-14,Customer 2217,Enterprise,West,Vikram Shah,Electricals,25,3633.59,0,211976.17,Prepaid,Pending,
MER-101801,2026-09-26,Customer 2119,Mid-Market,North,Arjun Desai,Pneumatics,5,5993.53,0,29967.65,Net 30,Delivered,12
MER-101732,2026-07-21,Customer 1032,SMB,North,Anita Rao,Hand Tools,2,1113.86,0,2227.72,Net 60,DELIVERED,7
MER-100225,2026-08-24,Customer 3623,Mid-Market,West ,Sneha Kulkarni,Power Tools,5,8405.79,10,37826.06,Prepaid,delivered,16
MER-101012,2026-08-22,Customer 3191,Mid-Market,North,Arjun Desai,Hand Tools,5,904.07,0,4520.35,Net 30,Delivered,13
MER-100747,2026-09-22,Customer 3266,Mid-Market,West,Vikram Shah,Bearings & Drives,2,4252.60,5,8079.94,Net 30,Delivered,20
MER-100206,2026-09-28,Customer 3373,SMB,North,Arjun Desai,Power Tools,0,7593.90,0,0.00,Prepaid,Delivered,16
MER-100388,2026-08-17,Customer 3825,Enterprise,West,Karan Bhatia,Lubricants,5,1315.72,0,12475.15,Net 30,Delivered,3
MER-103729,2026-07-07,Customer 4660,Mid-Market, West,Rahul Nair,Hand Tools,5,929.05,8,4273.63,Net 30,Cancelled,
MER-101038,2026-07-16,Customer 4592,SMB,North,Rahul Nair,Bearings & Drives,1,4553.21,0,4553.21,Net 30,Delivered,5
MER-101028,2026-08-19,Customer 2637,SMB,East,Anita Rao,Pneumatics,3,6339.82,0,19019.46,Net 60,Delivered,9
MER-103222,2026-07-28,Customer 4956,Mid-Market,South,Karan Bhatia,Pneumatics,2,4658.72,5,8851.57,Net 30,Returned,20
MER-100882,2026-09-13,Customer 3993,Enterprise,North,Anita Rao,Safety Equipment,50,1594.72,15,67775.60,Net 30,Returned,9
MER-102521,2026-07-29,Customer 3038,Mid-Market,West,Meera Iyer,Pneumatics,5,5573.78,10,25082.01,Net 60,delivered,11
MER-102767,2026-08-21,Customer 2968,Mid-Market,South,Karan Bhatia,Hand Tools,10,814.18,0,8141.80,Net 60,Delivered,11
MER-102727,2026-07-26,Customer 2357,SMB,North,Anita Rao,Lubricants,1,1645.27,5,1563.01,Net 60,DELIVERED,5
MER-102380,2026-07-08,Customer 2763,Mid-Market,North,Priya Menon,Lubricants,5,1679.55,10,7557.98,Net 30,Pending,
MER-102753,2026-07-25,Customer 3573,Mid-Market,East,Vikram Shah,Pneumatics,10,5934.12,0,59341.20,Net 30,Delivered,2
MER-100950,2026-09-22,Customer 4382,Enterprise,North,Vikram Shah,Electricals,10,3156.96,15,26834.16,Net 60,DELIVERED,13
MER-102884,2026-09-08,Customer 2612,SMB,South,Karan Bhatia,Electricals,2,2974.64,5,,Net 30,Delivered,4
MER-101790,2026-09-02,Customer 2695,Small Business,North,Sneha Kulkarni,Fasteners,5,320.23,0,1601.15,Net 60,Delivered,3
MER-101052,2026-07-17,Customer 3904,Mid-Market,South,Arjun Desai,Pneumatics,10,5540.71,10,49866.39,Prepaid,Delivered,5
MER-100446,2026-08-26,Customer 2904,Mid-Market,North,Arjun Desai,Power Tools,10,8041.09,5,76390.35,Net 30,Delivered,13
MER-101647,2026-09-18,Customer 3052,Mid-Market,North,Karan Bhatia,Power Tools,5,7014.35,5,33318.16,Prepaid,delivered,4
MER-101580,2026-09-23,Customer 4750,Enterprise,North,Meera Iyer,Pneumatics,10,4717.82,5,44819.29,Prepaid,DELIVERED,13
MER-103601,2026-08-06,Customer 1699,Enterprise,West,Sneha Kulkarni,Bearings & Drives,25,4218.21,12,196788.85,Net 30,Delivered,21
MER-101850,2026-09-29,Customer 1627,Mid-Market,South,Rahul Nair,Safety Equipment,2,1572.85,8,2894.04,Prepaid,Delivered,6
MER-102391,2026-08-17,Customer 3496,SMB,West,Anita Rao,Safety Equipment,2,1558.78,0,3117.56,Net 30,Delivered,3
MER-102283,2026-08-25,Customer 3314,Mid-Market,West,Karan Bhatia,Lubricants,2,1639.86,0,3279.72,Net 60,Delivered,20
MER-102756,2026-08-29,Customer 4525,Mid-Market,South,Sneha Kulkarni,Safety Equipment,5,1853.54,5,8804.32,Prepaid,DELIVERED,10
MER-102955,2026-08-24,Customer 3521,SMB,South,Arjun Desai,Power Tools,1,8408.05,0,8408.05,Prepaid,Delivered,14
MER-100633,2026-08-05,Customer 2027,Mid-Market,North,Anita Rao,Safety Equipment,10,1999.90,0,19999.00,Net 30,DELIVERED,5
MER-101042,2026-09-01,Customer 2086,SMB,West,Vikram Shah,Pneumatics,3,4982.61,0,14947.83,Net 30,Cancelled,
MER-101650,2026-09-06,Customer 4114,SMB,North,Sneha Kulkarni,Hand Tools,2,909.56,0,1819.12,Net 30,Delivered,5
MER-102525,2026-08-13,Customer 2624,SMB,East ,Anita Rao,Fasteners,2,328.31,0,656.62,Net 30,Delivered,17
MER-101341,2026-08-20,Customer 2378,Enterprise,South,Meera Iyer,Hand Tools,50,951.47,8,43767.62,Net 30,DELIVERED,3
MER-103844,2026-07-21,Customer 4135,SMB,South,Sneha Kulkarni,Power Tools,1,7122.42,0,7122.42,Net 60,Delivered,3
MER-100891,2026-07-28,Customer 4398,Mid-Market,West,Rahul Nair,Lubricants,10,1627.74,0,16277.40,Net 30,Pending,
MER-103942,2026-07-17,Customer 2490,Small Business,South,Vikram Shah,Safety Equipment,3,2105.01,0,6315.03,Net 60,Cancelled,
MER-102679,2026-07-08,Customer 1647,Enterprise,North,Meera Iyer,Bearings & Drives,100,4510.49,0,451049.00,Net 30,Delivered,6
MER-103499,2026-09-17,Customer 3498,SMB,North ,Sneha Kulkarni,Hand Tools,1,1015.76,0,1015.76,Net 30,Delivered,14
MER-103303,2026-09-30,Customer 3137,Mid-Market,West,Priya Menon,Electricals,25,2979.59,5,70765.26,Prepaid,Delivered,14
MER-103633,2026-09-19,Customer 1907,SMB,East,Anita Rao,Lubricants,1,1627.14,0,2712.66,Net 30,Delivered,15
MER-100804,2026-09-15,Customer 1395,SMB,South,Sneha Kulkarni,Hand Tools,3,1041.14,5,2967.25,Net 60,delivered,9
MER-101877,2026-08-27,Customer 2613,Small Business,South,Vikram Shah,Bearings & Drives,1,4788.10,0,4788.10,Net 30,Delivered,18
MER-100529,2026-07-28,Customer 1557,SMB,West,Vikram Shah,Safety Equipment,1,1564.96,0,1564.96,Net 30,pending,
MER-103394,2026-08-06,Customer 2696,Mid-Market,North,Rahul Nair,Fasteners,5,275.47,10,1239.62,Prepaid,Pending,
MER-103282,2026-09-22,Customer 3834,SMB,South,Priya Menon,Safety Equipment,1,1566.38,0,1566.38,Net 30,Delivered,9
MER-101917,2026-07-07,Customer 3340,Enterprise,West ,Priya Menon,Bearings & Drives,5,4704.13,0,39958.06,Net 30,Pending,
MER-100102,2026-08-27,Customer 3119,Enterprise,West,Sneha Kulkarni,Bearings & Drives,10,4888.58,15,41552.93,Net 30,Delivered,16
MER-101409,2026-07-08,Customer 1924,SMB,East,Karan Bhatia,Lubricants,3,1672.24,0,5016.72,Net 60,Delivered,3
MER-101900,2026-07-24,Customer 2808,SMB,West,Rahul Nair,Pneumatics,2,5069.71,0,10139.42,Net 30,Delivered,8
MER-100404,2026-09-30,Customer 4119,SMB,North,Vikram Shah,Lubricants,3,1380.16,0,4140.48,Net 30,DELIVERED,14
MER-102143,2026-07-19,Customer 2988,SMB,West,Karan Bhatia,Safety Equipment,1,1692.24,0,1692.24,Net 60,Delivered,8
MER-100279,2026-09-18,Customer 1080,Mid-Market,West,Anita Rao,Electricals,10,2925.42,8,26913.86,Net 30,Delivered,2
MER-103690,2026-09-26,Customer 2642,Mid-Market,West,Meera Iyer,Lubricants,2,1349.01,0,2698.02,Net 30,Delivered,19
MER-102226,2026-07-25,Customer 2201,Mid-Market,South,Karan Bhatia,Bearings & Drives,5,4503.57,5,21391.96,Net 30,delivered,9
MER-103284,2026-09-09,Customer 4057,SMB,North,Arjun Desai,Safety Equipment,5,2094.31,0,10471.55,Net 30,Delivered,20
MER-102296,2026-09-22,Customer 2283,Mid-Market,North,Arjun Desai,Bearings & Drives,10,4550.83,0,45508.30,Net 30,Cancelled,
MER-101002,2026-09-04,Customer 4854,Mid-Market,West,Karan Bhatia,Electricals,2,3405.58,10,6130.04,Net 60,delivered,21
MER-100625,2026-08-22,Customer 3219,SMB,East,Meera Iyer,Lubricants,2,1445.81,0,,Prepaid,PENDING,
MER-101987,2026-09-16,Customer 2800,SMB,South,Karan Bhatia,Hand Tools,1,1099.35,0,1099.35,Net 30,Returned,13
MER-103815,2026-09-05,Customer 3596,SMB,West,Sneha Kulkarni,Lubricants,5,1476.00,5,7011.00,Net 30,Delivered,12
MER-100234,2026-09-19,Customer 2294,Enterprise,South,Meera Iyer,Electricals,10,2692.42,8,24770.26,Net 30,DELIVERED,9
MER-102901,2026-07-10,Customer 3674,Enterprise,North,Sneha Kulkarni,Hand Tools,100,1006.01,10,90540.90,Net 60,pending,
MER-100461,2026-07-21,Customer 3582,Mid-Market,South,Vikram Shah,Power Tools,10,7635.44,5,72536.68,Prepaid,Delivered,3
MER-103205,2026-07-29,Customer 3515,SMB, North,Anita Rao,Safety Equipment,1,1936.21,0,1936.21,Prepaid,Delivered,18
MER-101873,2026-08-03,Customer 2731,SMB,North,Meera Iyer,Safety Equipment,5,1637.94,0,8189.70,Prepaid,delivered,17
MER-102318,2026-09-29,Customer 1472,Enterprise,East,Priya Menon,Hand Tools,10,862.35,15,7329.97,Net 30,Delivered,2
MER-102067,2026-08-13,Customer 2497,Mid-Market,West,Meera Iyer,Electricals,10,2643.50,8,24320.20,Net 30,Cancelled,
MER-102225,2026-08-23,Customer 4629,Mid-Market,South,Meera Iyer,Electricals,10,3377.52,0,33775.20,Net 60,Delivered,21
MER-103262,2026-08-11,Customer 3956,SMB,South,Rahul Nair,Power Tools,0,7997.92,5,0.00,Net 30,Delivered,21
MER-103785,2026-09-06,Customer 1854,Mid-Market,East,Karan Bhatia,Hand Tools,2,990.60,5,1882.14,Net 30,Delivered,5
MER-103554,2026-07-09,Customer 1341,Mid-Market,South,Priya Menon,Lubricants,5,1414.58,10,6365.61,Net 60,Delivered,5
MER-100400,2026-09-10,Customer 4371,SMB,North,Meera Iyer,Hand Tools,1,1060.94,5,1007.89,Net 30,Delivered,9
MER-100866,2026-09-14,Customer 1484,Mid-Market,North,Anita Rao,Hand Tools,10,861.35,0,,Prepaid,Delivered,11
MER-102078,2026-09-15,Customer 2314,Mid-Market,South,Karan Bhatia,Hand Tools,25,933.93,0,23348.25,Net 30,Pending,
MER-102538,2026-08-25,Customer 3448,SMB,East,Karan Bhatia,Fasteners,1,321.16,0,321.16,Net 60,delivered,3
MER-102506,2026-09-14,Customer 1475,Enterprise,North,Karan Bhatia,Power Tools,10,8090.49,12,71196.31,Prepaid,Pending,
MER-101248,2026-08-19,Customer 2894,SMB,West,Vikram Shah,Bearings & Drives,2,4944.57,0,9889.14,Net 30,DELIVERED,18
MER-100100,2026-07-30,Customer 1511,Mid-Market,South,Priya Menon,Lubricants,5,1238.97,10,5575.37,Net 30,Delivered,10
MER-100068,2026-08-30,Customer 4346,SMB,South,Arjun Desai,Lubricants,2,1484.11,0,,Net 60,Pending,
MER-100051,2026-08-25,Customer 2599,Enterprise,West,Priya Menon,Power Tools,25,6955.57,12,153022.54,Net 60,Delivered,6
MER-100754,2026-07-06,Customer 2509,SMB,West,Meera Iyer,Hand Tools,2,1117.92,0,,Net 60,Cancelled,
MER-102565,2026-09-19,Customer 2691,SMB,East,Anita Rao,Fasteners,2,369.83,0,1146.92,Net 30,Returned,9
MER-102551,2026-07-09,Customer 3258,SMB,East,Anita Rao,Bearings & Drives,1,3789.42,0,3789.42,Net 30,Delivered,4
MER-103617,2026-09-14,Customer 3592,Mid-Market,East,Sneha Kulkarni,Power Tools,10,7362.42,8,67734.26,Prepaid,DELIVERED,19
MER-101733,2026-08-31,Customer 4286,Mid-Market,North,Sneha Kulkarni,Pneumatics,2,4962.68,0,9925.36,Net 60,Pending,
MER-100177,2026-08-10,Customer 1711,Mid-Market,North,Karan Bhatia,Fasteners,10,340.27,10,3062.43,Prepaid,Delivered,5
MER-102329,2026-09-08,Customer 2254,SMB,South,Arjun Desai,Lubricants,1,1586.70,0,1586.70,Net 30,Delivered,13
MER-100744,2026-07-27,Customer 3561,Enterprise,South,Meera Iyer,Fasteners,100,282.61,12,24869.68,Net 30,delivered,9
MER-102766,2026-08-04,Customer 1613,SMB,East,Meera Iyer,Power Tools,2,8160.81,0,16321.62,Net 30,Pending,
MER-102922,2026-09-11,Customer 2404,SMB,East,Anita Rao,Fasteners,1,317.62,0,478.26,Net 30,delivered,15
MER-103302,2026-08-07,Customer 3506,Small Business,South ,Priya Menon,Hand Tools,5,991.85,0,4959.25,Net 30,Cancelled,
MER-102162,2026-09-10,Customer 4234,Mid-Market,West,Rahul Nair,Lubricants,2,1574.49,10,2834.08,Net 30,Delivered,4
MER-100977,2026-08-04,Customer 3861,Mid-Market,North,Arjun Desai,Lubricants,5,1408.82,0,7044.10,Net 30,Returned,5
MER-103741,2026-08-15,Customer 3151,SMB,North,Priya Menon,Fasteners,1,310.48,0,310.48,Prepaid,Cancelled,
MER-103467,2026-07-10,Customer 1558,SMB,West,Arjun Desai,Power Tools,2,8677.22,0,17354.44,Net 30,Delivered,16
MER-100382,2026-08-18,Customer 3371,SMB,North,Sneha Kulkarni,Safety Equipment,2,2048.53,0,4097.06,Net 30,Delivered,5
MER-100719,2026-09-12,Customer 3772,SMB,West,Arjun Desai,Electricals,2,3545.76,5,6736.94,Net 60,PENDING,
MER-101646,2026-07-07,Customer 3011,Mid-Market,North,Anita Rao,Pneumatics,2,5415.17,5,10288.82,Prepaid,Delivered,5
MER-102686,2026-07-24,Customer 1890,Enterprise,West,Sneha Kulkarni,Hand Tools,50,824.63,0,71067.42,Net 60,Delivered,3
MER-102116,2026-08-30,Customer 2767,SMB,West,Anita Rao,Fasteners,1,296.36,0,296.36,Net 60,Delivered,21
MER-103057,2026-07-22,Customer 2095,Mid-Market,South,Karan Bhatia,Bearings & Drives,25,4081.62,0,102040.50,Net 30,Delivered,9
MER-100440,2026-08-07,Customer 2966,SMB,West,Vikram Shah,Electricals,1,3251.37,0,3251.37,Prepaid,delivered,6
MER-100797,2026-09-14,Customer 4823,SMB,North,Sneha Kulkarni,Safety Equipment,1,1709.22,5,1623.76,Net 30,Delivered,8
MER-101511,2026-08-17,Customer 3461,SMB,South,Sneha Kulkarni,Bearings & Drives,5,4663.66,0,23318.30,Prepaid,Delivered,20
MER-101415,2026-09-05,Customer 3262,Mid-Market,South,Vikram Shah,Power Tools,5,8760.47,8,40298.16,Net 30,CANCELLED,
MER-100241,2026-08-13,Customer 2522,Mid-Market,South,Karan Bhatia,Power Tools,5,6540.98,5,31069.65,Net 30,Delivered,21
MER-101940,2026-08-18,Customer 1194,Enterprise,West,Meera Iyer,Power Tools,100,8479.49,15,1593667.97,Prepaid,Delivered,12
MER-103425,2026-07-30,Customer 1054,SMB,North,Sneha Kulkarni,Bearings & Drives,1,4254.79,0,4254.79,Prepaid,Delivered,20
MER-101167,2026-08-01,Customer 4511,Enterprise,South,Sneha Kulkarni,Lubricants,25,1245.46,15,26466.02,Prepaid,DELIVERED,15
MER-102576,2026-07-29,Customer 1184,SMB,East,Anita Rao,Pneumatics,2,6317.25,0,12634.50,Net 30,Delivered,15
MER-103279,2026-07-19,Customer 4999,Mid-Market,North,Priya Menon,Electricals,10,3635.55,10,32719.95,Net 30,Delivered,11
MER-100304,2026-08-31,Customer 2198,Enterprise,West,Karan Bhatia,Power Tools,5,8967.39,10,40353.25,Net 30,DELIVERED,15
MER-103235,2026-08-02,Customer 4747,SMB,South,Vikram Shah,Bearings & Drives,3,4278.35,0,12835.05,Net 30,Delivered,21
MER-101003,2026-08-19,Customer 2491,Mid-Market,South,Arjun Desai,Pneumatics,25,5502.80,8,126564.40,Net 30,Delivered,20
MER-103570,2026-07-21,Customer 3470,Enterprise,East,Vikram Shah,Power Tools,25,6919.78,10,155695.05,Prepaid,Delivered,15
MER-100350,2026-08-27,Customer 1358,Mid-Market, South,Priya Menon,Pneumatics,5,6303.05,8,28994.03,Net 30,Delivered,3
MER-101820,2026-08-30,Customer 1674,Enterprise,North,Priya Menon,Bearings & Drives,100,3577.10,10,321939.00,Prepaid,Delivered,18
MER-103827,2026-08-19,Customer 3637,Enterprise,North,Sneha Kulkarni,Hand Tools,25,1051.01,8,24173.23,Net 30,Delivered,17
MER-100824,2026-09-18,Customer 2274,SMB,East,Karan Bhatia,Fasteners,1,319.63,0,319.63,Net 30,Delivered,10
MER-103165,2026-08-10,Customer 3278,Enterprise,South,Anita Rao,Lubricants,50,1602.53,15,68107.52,Net 30,Delivered,8
MER-102242,2026-07-01,Customer 3895,SMB,North,Sneha Kulkarni,Lubricants,1,1406.35,0,1406.35,Net 30,Delivered,19
MER-102659,2026-07-03,Customer 3648,SMB,North,Vikram Shah,Hand Tools,2,1088.64,0,2177.28,Net 30,Returned,6
MER-102022,2026-09-12,Customer 4131,Mid-Market,North ,Anita Rao,Electricals,10,3575.85,0,35758.50,Prepaid,Delivered,19
MER-101061,2026-09-06,Customer 3375,Mid-Market,North,Sneha Kulkarni,Lubricants,5,1546.05,8,7111.83,Prepaid,Delivered,17
MER-101021,2026-08-20,Customer 3043,Enterprise,West,Arjun Desai,Safety Equipment,5,2008.27,0,10041.35,Net 60,pending,
MER-103367,2026-07-01,Customer 4426,SMB,North,Rahul Nair,Bearings & Drives,1,4436.84,5,4215.00,Net 30,Delivered,9
MER-102703,2026-07-09,Customer 2941,Enterprise,North,Vikram Shah,Fasteners,25,324.48,0,8112.00,Net 30,delivered,12
MER-101198,2026-08-04,Customer 3050,SMB,West,Sneha Kulkarni,Safety Equipment,2,1584.77,5,3011.06,Net 30,Delivered,6
MER-100013,2026-09-21,Customer 3821,Mid-Market,West,Anita Rao,Electricals,10,3626.19,0,36261.90,Net 30,pending,
MER-101298,2026-08-29,Customer 4594,SMB,North,Anita Rao,Pneumatics,1,6081.18,0,6081.18,Net 60,Delivered,20
MER-100377,2026-09-21,Customer 4626,SMB,South ,Anita Rao,Safety Equipment,5,1709.37,0,13935.44,Net 30,Delivered,21
MER-103497,2026-09-07,Customer 3438,Small Business,North,Rahul Nair,Fasteners,1,375.65,0,375.65,Net 30,Delivered,3
MER-103783,2026-08-06,Customer 2287,Mid-Market,East,Karan Bhatia,Electricals,10,3560.26,0,35602.60,Net 30,Delivered,5
MER-100476,2026-07-16,Customer 4935,SMB,West,Sneha Kulkarni,Power Tools,1,7289.12,0,7289.12,Prepaid,Delivered,12
MER-103522,2026-07-27,Customer 3305,Enterprise,West,Anita Rao,Hand Tools,50,924.67,8,42534.82,Net 30,Delivered,10
MER-100834,2026-07-30,Customer 2535,Small Business,West,Rahul Nair,Pneumatics,3,5291.72,0,15875.16,Net 60,Delivered,4
MER-101842,2026-09-27,Customer 2865,Mid-Market,East,Priya Menon,Electricals,10,3638.10,0,36381.00,Net 30,Cancelled,
MER-102247,2026-09-22,Customer 1795,Enterprise,West,Sneha Kulkarni,Fasteners,5,340.61,15,1447.59,Net 60,Delivered,11
MER-100320,2026-08-28,Customer 1264,Enterprise,West,Vikram Shah,Power Tools,100,6576.28,0,1473923.30,Prepaid,delivered,12
MER-100753,2026-07-10,Customer 2668,Mid-Market,North,Meera Iyer,Safety Equipment,5,1728.37,10,7777.66,Net 30,Returned,13
MER-102964,2026-08-26,Customer 3369,SMB,South,Sneha Kulkarni,Pneumatics,1,6202.58,0,6202.58,Net 30,Delivered,10
MER-101991,2026-09-27,Customer 2106,SMB,North,Vikram Shah,Pneumatics,1,5722.04,0,5722.04,Net 30,Delivered,8
MER-103307,2026-08-27,Customer 1640,SMB,West,Vikram Shah,Power Tools,1,7333.07,0,7333.07,Prepaid,Delivered,14
MER-102632,2026-07-05,Customer 4840,Small Business,South,Priya Menon,Fasteners,1,358.60,0,358.60,Net 30,delivered,16
MER-101619,2026-09-30,Customer 2451,SMB,East,Priya Menon,Lubricants,2,1250.11,5,2375.21,Net 60,Delivered,2
MER-100573,2026-07-14,Customer 4931,SMB,West,Sneha Kulkarni,Fasteners,1,299.70,5,284.71,Net 30,Delivered,12
MER-102544,2026-07-04,Customer 2046,Mid-Market,East,Arjun Desai,Lubricants,10,1458.83,0,14588.30,Net 30,delivered,2
MER-100492,2026-07-13,Customer 1365,Mid-Market,South,Vikram Shah,Safety Equipment,5,2003.30,0,10016.50,Net 30,Delivered,21
MER-101495,2026-08-23,Customer 3203,Mid-Market,North,Karan Bhatia,Fasteners,2,329.90,8,607.02,Net 60,delivered,11
MER-103331,2026-08-31,Customer 3784,Mid-Market,West,Sneha Kulkarni,Electricals,5,2812.98,0,14064.90,Net 30,Delivered,6
MER-103703,2026-09-29,Customer 2146,Mid-Market,South,Rahul Nair,Pneumatics,2,6078.01,8,11183.54,Net 30,Delivered,19
MER-102220,2026-08-12,Customer 1239,Mid-Market,South,Arjun Desai,Pneumatics,5,4990.61,0,24953.05,Net 30,Delivered,13
MER-101898,2026-07-29,Customer 2528,Enterprise,South,Rahul Nair,Hand Tools,25,918.96,10,20676.60,Prepaid,DELIVERED,4
MER-101045,2026-09-05,Customer 1976,Enterprise,North ,Vikram Shah,Hand Tools,25,928.32,10,20887.20,Prepaid,DELIVERED,7
MER-101408,2026-08-18,Customer 4958,Mid-Market,South,Rahul Nair,Pneumatics,5,5378.35,5,25547.16,Net 60,DELIVERED,12
MER-102498,2026-09-10,Customer 1031,Mid-Market,West,Meera Iyer,Fasteners,2,290.67,0,581.34,Net 60,Delivered,17
MER-102744,2026-07-21,Customer 1505,Enterprise,West,Karan Bhatia,Bearings & Drives,5,4695.49,5,,Net 30,Delivered,11
MER-100332,2026-07-19,Customer 1495,Mid-Market,West,Anita Rao,Bearings & Drives,2,4774.20,0,9548.40,Net 30,Delivered,4
MER-100045,2026-09-27,Customer 4156,SMB,South,Priya Menon,Lubricants,1,1257.40,0,1257.40,Net 30,DELIVERED,19
MER-100115,2026-07-19,Customer 3747,SMB,South,Meera Iyer,Fasteners,1,360.35,0,360.35,Net 30,delivered,18
MER-102940,2026-08-16,Customer 3751,SMB,South,Meera Iyer,Hand Tools,0,955.88,0,0.00,Prepaid,delivered,10
MER-100362,2026-09-23,Customer 3950,Mid-Market,West,Vikram Shah,Bearings & Drives,2,4916.74,10,8850.13,Prepaid,Cancelled,
MER-102726,2026-08-07,Customer 4541,SMB,South,Anita Rao,Bearings & Drives,3,3671.70,0,11015.10,Prepaid,Delivered,11
MER-103831,2026-08-11,Customer 2376,Mid-Market,East,Sneha Kulkarni,Fasteners,2,361.07,0,722.14,Prepaid,Pending,
MER-103475,2026-07-16,Customer 1735,Mid-Market,West,Priya Menon,Power Tools,10,6950.53,0,69505.30,Net 30,cancelled,
MER-102505,2026-08-31,Customer 4592,SMB,North,Sneha Kulkarni,Lubricants,1,1686.28,5,1601.97,Net 30,Delivered,13
MER-103255,2026-09-27,Customer 4064,SMB,West,Priya Menon,Hand Tools,1,941.70,0,941.70,Net 30,Pending,
MER-102579,2026-07-28,Customer 2466,Mid-Market,South,Meera Iyer,Lubricants,5,1502.89,0,7514.45,Prepaid,delivered,17
MER-102528,2026-08-27,Customer 1169,Mid-Market,West,Karan Bhatia,Bearings & Drives,2,4332.30,0,8664.60,Net 30,returned,20
MER-100508,2026-09-26,Customer 2459,SMB,East,Priya Menon,Pneumatics,1,5009.61,0,5009.61,Prepaid,Pending,
MER-102800,2026-08-01,Customer 1762,SMB,East,Arjun Desai,Pneumatics,2,5162.34,0,10324.68,Net 30,Delivered,2
MER-102776,2026-07-25,Customer 3237,Mid-Market,East,Rahul Nair,Lubricants,5,1294.49,0,6472.45,Prepaid,Pending,
MER-101672,2026-07-30,Customer 2371,SMB,South,Vikram Shah,Bearings & Drives,1,4095.41,5,3890.64,Net 60,Cancelled,
MER-101929,2026-07-05,Customer 4339,Small Business,North,Sneha Kulkarni,Hand Tools,1,841.87,5,799.78,Prepaid,delivered,4
MER-102930,2026-09-07,Customer 4914,Mid-Market,South,Arjun Desai,Pneumatics,5,6352.71,10,28587.19,Net 30,Delivered,11
MER-102087,2026-07-10,Customer 1156,Mid-Market,North,Arjun Desai,Pneumatics,5,5817.95,10,26180.78,Net 60,Delivered,18
MER-100798,2026-08-26,Customer 1597,Enterprise,North,Priya Menon,Power Tools,5,7305.37,15,31047.82,Net 30,Pending,
MER-101735,2026-09-06,Customer 1068,SMB,West,Karan Bhatia,Hand Tools,1,1108.46,5,1053.04,Net 30,Delivered,20
MER-103116,2026-07-28,Customer 3882,SMB,West,Karan Bhatia,Power Tools,3,8578.91,0,25736.73,Prepaid,Delivered,2
MER-101701,2026-08-14,Customer 4530,SMB,East,Rahul Nair,Fasteners,3,315.49,0,946.47,Net 30,Delivered,13
MER-103019,2026-07-18,Customer 1165,SMB,South,Anita Rao,Fasteners,1,359.15,0,359.15,Net 60,Delivered,16
MER-101379,2026-07-17,Customer 1629,Mid-Market,South,Sneha Kulkarni,Lubricants,5,1621.58,5,7702.50,Prepaid,Delivered,20
MER-101043,2026-08-11,Customer 3590,SMB,South,Anita Rao,Fasteners,1,294.42,5,279.70,Net 60,Delivered,6
MER-103683,2026-07-08,Customer 3837,Enterprise,West,Vikram Shah,Bearings & Drives,50,4676.38,5,400676.72,Net 30,Pending,
MER-101209,2026-09-27,Customer 3600,SMB,East,Meera Iyer,Electricals,1,3129.89,5,2973.40,Net 60,delivered,15
MER-100898,2026-07-31,Customer 1381,Mid-Market,East,Anita Rao,Pneumatics,2,5707.52,5,10844.29,Prepaid,Delivered,17
MER-102939,2026-08-25,Customer 2267,Mid-Market,East,Sneha Kulkarni,Bearings & Drives,10,3920.70,0,39207.00,Net 30,Pending,
MER-101911,2026-08-30,Customer 2446,Enterprise,East,Anita Rao,Power Tools,5,7075.92,8,59251.45,Net 30,Delivered,12
MER-102482,2026-08-04,Customer 3352,SMB,East,Arjun Desai,Power Tools,1,8712.18,0,8712.18,Net 30,Delivered,12
MER-100728,2026-08-07,Customer 1973,Mid-Market,West,Meera Iyer,Fasteners,2,290.76,8,535.00,Net 30,Delivered,6
MER-103044,2026-09-29,Customer 1032,SMB,West,Karan Bhatia,Lubricants,1,1539.92,0,1539.92,Prepaid,Delivered,12
MER-103669,2026-09-03,Customer 3221,Mid-Market,South,Priya Menon,Hand Tools,10,1055.01,10,9495.09,Net 30,Delivered,16
MER-102452,2026-09-25,Customer 3691,SMB,North,Priya Menon,Pneumatics,2,5561.41,0,11122.82,Net 30,delivered,7
MER-103027,2026-08-05,Customer 3785,Mid-Market,South,Karan Bhatia,Electricals,2,3505.81,0,7011.62,Net 30,Delivered,11
MER-100631,2026-07-25,Customer 4969,Mid-Market,North,Meera Iyer,Pneumatics,10,4670.11,8,42965.01,Net 60,Delivered,15
MER-100760,2026-09-10,Customer 2217,SMB,South,Karan Bhatia,Hand Tools,3,1101.89,0,3305.67,Prepaid,Delivered,16
MER-102282,2026-07-27,Customer 3978,SMB,East,Karan Bhatia,Power Tools,2,6537.89,5,12421.99,Net 60,Delivered,8
MER-101220,2026-07-18,Customer 1279,SMB,West,Meera Iyer,Pneumatics,2,6136.42,5,11659.20,Net 60,Delivered,12
MER-100852,2026-08-11,Customer 1267,SMB,West,Rahul Nair,Electricals,2,3183.52,0,6367.04,Prepaid,delivered,16
MER-102537,2026-07-19,Customer 4166,Mid-Market,West,Anita Rao,Power Tools,10,6787.68,8,104524.08,Net 30,Delivered,2
MER-100041,2026-07-23,Customer 3963,Enterprise,South,Arjun Desai,Fasteners,50,323.05,10,14537.25,Net 30,Delivered,2
MER-100595,2026-09-04,Customer 1605,Mid-Market,East,Meera Iyer,Electricals,5,2705.50,8,12445.30,Net 60,Delivered,15
MER-103673,2026-07-10,Customer 4685,Mid-Market,East,Anita Rao,Lubricants,5,1568.17,10,7056.77,Net 60,Cancelled,
MER-102771,2026-09-12,Customer 2891,Mid-Market,East,Vikram Shah,Fasteners,2,375.61,8,691.12,Prepaid,DELIVERED,4
MER-103378,2026-07-27,Customer 2530,SMB,West,Meera Iyer,Pneumatics,1,5529.75,5,5253.26,Net 30,Delivered,18
MER-102530,2026-07-07,Customer 1518,Mid-Market,North,Anita Rao,Power Tools,5,8721.60,5,41427.60,Net 30,Pending,
MER-103000,2026-08-14,Customer 4260,SMB,South,Sneha Kulkarni,Lubricants,1,1435.53,0,1435.53,Net 30,Delivered,16
MER-100944,2026-08-16,Customer 1713,SMB,West,Arjun Desai,Hand Tools,1,928.87,0,928.87,Net 30,Delivered,2
MER-102882,2026-09-17,Customer 3167,Mid-Market,West,Meera Iyer,Lubricants,2,1640.02,0,3280.04,Net 60,Pending,
MER-101522,2026-09-09,Customer 4206,SMB,East,Sneha Kulkarni,Fasteners,1,308.74,0,308.74,Net 30,cancelled,
MER-102348,2026-07-25,Customer 3635,SMB,South,Meera Iyer,Pneumatics,5,5430.11,5,25793.02,Net 60,delivered,7
MER-100168,2026-09-17,Customer 1884,Enterprise,East,Anita Rao,Hand Tools,5,918.06,12,4039.46,Net 30,Delivered,12
MER-103965,2026-08-14,Customer 3757,Enterprise,North,Anita Rao,Pneumatics,5,6279.13,15,26686.30,Prepaid,DELIVERED,7
MER-101729,2026-09-23,Customer 1799,SMB,North,Rahul Nair,Power Tools,3,7149.53,0,21448.59,Prepaid,Delivered,9
MER-100547,2026-09-01,Customer 4748,SMB,North,Meera Iyer,Hand Tools,2,821.59,5,1561.02,Net 30,Cancelled,
MER-101091,2026-09-20,Customer 3142,Mid-Market,South,Meera Iyer,Pneumatics,10,5720.14,5,54341.33,Net 30,Delivered,19
MER-100546,2026-09-06,Customer 4075,Enterprise,North,Karan Bhatia,Lubricants,5,1325.58,8,6097.67,Net 30,Delivered,17
MER-100885,2026-08-25,Customer 4704,Mid-Market,West,Arjun Desai,Lubricants,2,1677.12,0,3354.24,Net 30,Delivered,16
MER-101085,2026-07-19,Customer 2671,SMB,North,Sneha Kulkarni,Bearings & Drives,1,4810.94,0,4810.94,Net 30,Pending,
MER-101174,2026-07-29,Customer 2142,Enterprise,West,Sneha Kulkarni,Pneumatics,50,4839.83,0,424530.78,Net 30,Pending,
MER-100266,2026-07-18,Customer 4722,Mid-Market,West,Arjun Desai,Lubricants,5,1496.10,0,7480.50,Net 30,Delivered,4
MER-103801,2026-09-13,Customer 2734,Mid-Market,East,Meera Iyer,Fasteners,5,283.17,0,1415.85,Net 60,Delivered,21
MER-103338,2026-08-26,Customer 4916,Mid-Market,South,Vikram Shah,Power Tools,25,8181.93,0,204548.25,Net 30,delivered,10
MER-101154,2026-09-07,Customer 3309,SMB,East,Arjun Desai,Power Tools,1,8671.52,0,8671.52,Net 60,Delivered,18
MER-100509,2026-07-18,Customer 3316,Mid-Market,West,Priya Menon,Lubricants,5,1262.19,8,5806.07,Prepaid,Delivered,6
MER-101431,2026-07-20,Customer 3582,Mid-Market,East,Anita Rao,Bearings & Drives,10,4414.36,0,44143.60,Net 30,Delivered,10
MER-101197,2026-07-04,Customer 1614,SMB,South,Priya Menon,Power Tools,3,7900.28,0,23700.84,Prepaid,Delivered,12
MER-100053,2026-07-10,Customer 1236,Mid-Market,West,Vikram Shah,Hand Tools,10,943.05,0,9430.50,Prepaid,Cancelled,
MER-101651,2026-09-05,Customer 1721,SMB,West,Arjun Desai,Fasteners,2,347.00,0,694.00,Net 30,Delivered,2
MER-101540,2026-08-10,Customer 2085,Mid-Market,West,Priya Menon,Hand Tools,2,1044.76,10,1880.57,Prepaid,Delivered,17
MER-103707,2026-07-24,Customer 1780,Mid-Market,North,Arjun Desai,Bearings & Drives,2,4744.49,10,8540.08,Prepaid,Delivered,9
MER-100273,2026-09-12,Customer 4587,SMB,North,Vikram Shah,Lubricants,1,1523.13,0,1523.13,Prepaid,Delivered,13
MER-103455,2026-09-20,Customer 1771,SMB,South,Arjun Desai,Hand Tools,1,910.44,5,864.92,Prepaid,Cancelled,
MER-102728,2026-09-13,Customer 4974,SMB,North,Rahul Nair,Electricals,1,2834.95,0,2834.95,Net 30,Cancelled,
MER-102560,2026-07-27,Customer 2038,SMB,West,Sneha Kulkarni,Safety Equipment,2,1800.81,0,3601.62,Prepaid,Delivered,13
MER-103366,2026-09-20,Customer 1720,SMB,South,Anita Rao,Electricals,5,3410.57,0,17052.85,Net 60,Delivered,19
MER-103691,2026-08-21,Customer 3920,Mid-Market,South,Priya Menon,Lubricants,25,1669.22,8,38392.06,Net 30,Pending,
MER-100698,2026-08-31,Customer 3040,SMB,North,Sneha Kulkarni,Fasteners,2,372.86,0,745.72,Net 30,delivered,14
MER-102291,2026-08-09,Customer 4509,SMB,West,Vikram Shah,Fasteners,2,282.87,0,565.74,Prepaid,Delivered,17
MER-103961,2026-07-03,Customer 3013,Mid-Market,West,Arjun Desai,Lubricants,5,1279.51,8,5885.75,Net 30,RETURNED,2
MER-101812,2026-08-07,Customer 1665,SMB,East,Meera Iyer,Pneumatics,2,4605.18,0,9210.36,Net 30,Delivered,19
MER-101516,2026-09-24,Customer 1521,Small Business,West,Anita Rao,Pneumatics,1,6309.02,0,6309.02,Net 30,delivered,15
MER-101026,2026-08-06,Customer 2148,Mid-Market,South,Anita Rao,Electricals,2,3091.70,0,6183.40,Net 60,Cancelled,
MER-103011,2026-09-22,Customer 4848,Mid-Market,South,Rahul Nair,Safety Equipment,10,1624.83,10,14623.47,Net 60,Delivered,11
MER-101433,2026-08-01,Customer 2967,SMB,North,Rahul Nair,Bearings & Drives,1,4750.54,0,4750.54,Prepaid,Returned,7
MER-103581,2026-09-01,Customer 1203,SMB,North,Arjun Desai,Safety Equipment,1,1728.67,0,1728.67,Net 30,pending,
MER-102178,2026-08-20,Customer 1156,SMB,South,Karan Bhatia,Fasteners,2,296.11,0,592.22,Net 30,Delivered,7
MER-100794,2026-07-24,Customer 3269,SMB,North,Karan Bhatia,Fasteners,2,335.03,5,636.56,Net 30,Delivered,11
MER-101397,2026-07-28,Customer 1872,Enterprise,West,Priya Menon,Fasteners,25,279.00,12,6138.00,Net 60,delivered,6
MER-101461,2026-07-18,Customer 2317,Mid-Market,West,Rahul Nair,Pneumatics,5,6095.32,0,30476.60,Net 60,Delivered,20
MER-101108,2026-08-13,Customer 4598,SMB,South,Vikram Shah,Bearings & Drives,5,4219.63,0,21098.15,Net 30,Delivered,20
MER-102784,2026-09-13,Customer 4317,Enterprise,West,Priya Menon,Electricals,10,3405.93,0,71997.28,Net 30,CANCELLED,
MER-101006,2026-09-30,Customer 2796,SMB,West,Anita Rao,Electricals,1,3278.74,0,3278.74,Net 30,Delivered,5
MER-103841,2026-07-18,Customer 4003,Enterprise,North,Priya Menon,Power Tools,50,8176.43,5,388380.42,Prepaid,Delivered,8
MER-101106,2026-07-12,Customer 2267,Enterprise,South,Rahul Nair,Fasteners,50,326.15,12,14350.60,Prepaid,Delivered,13
MER-102999,2026-08-13,Customer 3834,Mid-Market,East,Anita Rao,Safety Equipment,2,2005.92,5,6177.83,Net 30,Delivered,17
MER-103101,2026-07-29,Customer 2352,SMB,West,Karan Bhatia,Safety Equipment,1,2006.13,0,2006.13,Prepaid,Delivered,2
MER-102007,2026-08-10,Customer 1969,SMB,West,Vikram Shah,Safety Equipment,2,1578.66,0,3157.32,Net 60,Delivered,3
MER-100628,2026-08-01,Customer 2579,Mid-Market,North,Rahul Nair,Electricals,5,3266.17,10,14697.77,Net 60,Delivered,5
MER-103317,2026-08-01,Customer 2549,SMB,West,Rahul Nair,Pneumatics,2,4923.19,5,9354.06,Net 60,Delivered,21
MER-102388,2026-08-13,Customer 2231,Mid-Market,West,Arjun Desai,Hand Tools,5,808.38,0,4041.90,Net 30,Delivered,20
MER-103177,2026-08-22,Customer 4905,Enterprise,North,Sneha Kulkarni,Pneumatics,5,5370.58,12,23630.55,Prepaid,Delivered,8
MER-100424,2026-08-31,Customer 1149,SMB,West,Priya Menon,Electricals,2,3596.04,5,6832.48,Net 30,delivered,17
MER-100392,2026-08-11,Customer 3370,SMB,North,Anita Rao,Safety Equipment,1,1836.34,0,1836.34,Prepaid,Delivered,7
MER-101855,2026-07-10,Customer 3444,Mid-Market,South,Meera Iyer,Power Tools,10,6786.51,10,61078.59,Net 30,Delivered,21
MER-100629,2026-07-15,Customer 2727,SMB,East,Meera Iyer,Power Tools,2,6475.45,0,12950.90,Net 60,Delivered,9
MER-100215,2026-09-16,Customer 1600,Mid-Market,North,Anita Rao,Power Tools,5,8854.92,10,39847.14,Net 30,Delivered,21
MER-100768,2026-09-21,Customer 4379,SMB,North,Vikram Shah,Hand Tools,1,1097.22,5,1042.36,Net 30,pending,
MER-100693,2026-08-02,Customer 2224,Mid-Market,South,Priya Menon,Hand Tools,2,1023.36,0,2046.72,Net 30,Delivered,12
MER-103292,2026-09-01,Customer 2513,Mid-Market,North,Karan Bhatia,Lubricants,25,1381.26,10,31078.35,Prepaid,Delivered,9
MER-101016,2026-08-23,Customer 3684,Mid-Market,West,Karan Bhatia,Electricals,25,3070.65,0,76766.25,Net 60,DELIVERED,18
MER-100482,2026-07-03,Customer 3537,Mid-Market,North,Karan Bhatia,Hand Tools,5,820.66,0,4103.30,Net 30,Pending,
MER-101545,2026-09-18,Customer 1948,Mid-Market,West,Meera Iyer,Bearings & Drives,2,4217.16,8,7759.57,Net 30,Delivered,19
MER-101798,2026-09-09,Customer 1058,SMB,South,Vikram Shah,Power Tools,3,8431.78,0,25295.34,Prepaid,Cancelled,
MER-103208,2026-09-08,Customer 1725,SMB,North,Vikram Shah,Bearings & Drives,3,4656.59,0,13969.77,Net 30,Pending,
MER-100240,2026-07-21,Customer 2158,Small Business,East,Arjun Desai,Electricals,1,2776.94,5,2638.09,Net 30,Delivered,11
MER-102168,2026-07-26,Customer 1968,SMB,North,Meera Iyer,Safety Equipment,1,2026.96,0,2026.96,Prepaid,returned,18
MER-101982,2026-09-03,Customer 3865,SMB,West,Vikram Shah,Pneumatics,3,5428.64,0,16285.92,Net 30,Pending,
MER-103059,2026-08-12,Customer 3137,Mid-Market,South,Meera Iyer,Safety Equipment,25,1885.45,5,44779.44,Net 60,delivered,16
MER-103423,2026-07-01,Customer 2230,SMB,West,Karan Bhatia,Hand Tools,1,897.47,0,897.47,Net 30,Delivered,6
MER-101901,2026-07-25,Customer 4564,Mid-Market,West,Rahul Nair,Bearings & Drives,5,4482.79,8,20620.83,Net 30,Pending,
MER-101112,2026-07-24,Customer 2021,SMB,North,Priya Menon,Electricals,2,3605.64,0,7211.28,Net 60,Delivered,19
MER-102430,2026-08-27,Customer 2509,Mid-Market,South,Rahul Nair,Hand Tools,10,962.71,8,8856.93,Net 60,delivered,9
MER-102279,2026-08-11,Customer 3916,Mid-Market,East,Anita Rao,Fasteners,10,305.22,0,3052.20,Net 30,Delivered,2
MER-102015,2026-07-18,Customer 1062,Mid-Market,North,Karan Bhatia,Lubricants,5,1653.99,0,8269.95,Net 60,delivered,6
MER-101529,2026-07-25,Customer 1727,SMB,West,Rahul Nair,Bearings & Drives,2,4939.51,5,9385.07,Prepaid,delivered,8
MER-102948,2026-09-04,Customer 4155,Mid-Market,North,Sneha Kulkarni,Pneumatics,5,4712.27,8,21676.44,Prepaid,Delivered,19
MER-102849,2026-07-22,Customer 3403,SMB,North,Arjun Desai,Pneumatics,1,5667.04,0,5667.04,Net 60,delivered,20
MER-101955,2026-07-07,Customer 4645,Mid-Market,South,Arjun Desai,Electricals,2,3196.14,0,6392.28,Net 30,DELIVERED,10
MER-101789,2026-09-13,Customer 1557,Enterprise, South,Arjun Desai,Fasteners,10,343.68,5,3264.96,Prepaid,Returned,20
MER-103029,2026-07-18,Customer 3523,Mid-Market,South,Priya Menon,Fasteners,10,360.84,0,3608.40,Prepaid,Cancelled,
MER-100223,2026-08-23,Customer 4958,SMB,East,Sneha Kulkarni,Electricals,2,2748.34,0,5496.68,Net 30,Delivered,14
MER-101034,2026-09-20,Customer 2704,Mid-Market,North,Priya Menon,Lubricants,5,1470.60,5,6985.35,Net 30,delivered,20
MER-100821,2026-09-23,Customer 3688,SMB,North,Sneha Kulkarni,Electricals,5,3023.16,5,14360.01,Net 30,Pending,
MER-102840,2026-09-13,Customer 4367,SMB,North,Meera Iyer,Fasteners,2,358.77,0,717.54,Net 30,Delivered,18
MER-102420,2026-07-15,Customer 1732,SMB,East,Karan Bhatia,Safety Equipment,1,1668.14,0,1668.14,Net 30,Delivered,16
MER-100303,2026-07-06,Customer 2428,Mid-Market,South,Arjun Desai,Pneumatics,5,5267.25,0,26336.25,Prepaid,Delivered,6
MER-101815,2026-08-31,Customer 3896,Mid-Market,West,Anita Rao,Bearings & Drives,10,3687.07,10,33183.63,Net 30,Pending,
MER-103486,2026-09-29,Customer 2654,Enterprise,West ,Meera Iyer,Fasteners,10,315.63,8,4807.39,Net 30,Cancelled,
MER-101756,2026-09-03,Customer 1212,Mid-Market,North,Anita Rao,Electricals,2,3575.60,10,6436.08,Net 60,Delivered,3
MER-101281,2026-09-07,Customer 2836,Enterprise,West,Arjun Desai,Fasteners,25,276.51,5,10555.87,Net 60,Delivered,19
MER-103555,2026-09-22,Customer 2451,SMB,South,Karan Bhatia,Electricals,2,3166.12,0,6332.24,Net 30,Delivered,10
MER-100022,2026-08-05,Customer 4205,SMB, North,Anita Rao,Power Tools,1,7719.65,0,,Net 30,delivered,21
MER-102729,2026-09-16,Customer 2037,Small Business,North,Anita Rao,Bearings & Drives,1,4637.95,0,8661.43,Net 30,delivered,16
MER-101589,2026-09-28,Customer 3747,SMB,West,Anita Rao,Safety Equipment,1,1826.11,0,1826.11,Prepaid,Delivered,8
MER-103090,2026-07-04,Customer 4322,SMB,South,Rahul Nair,Electricals,1,2962.51,5,2814.38,Net 30,Delivered,15
MER-103791,2026-09-17,Customer 1975,Mid-Market,West,Karan Bhatia,Fasteners,10,342.83,8,3154.04,Net 60,Delivered,6
MER-101208,2026-09-03,Customer 3843,SMB,East,Sneha Kulkarni,Safety Equipment,2,1899.11,5,3608.31,Prepaid,Delivered,21
MER-101952,2026-07-02,Customer 4233,Enterprise,West,Anita Rao,Hand Tools,25,900.74,15,82779.19,Net 60,Delivered,6
MER-100189,2026-07-11,Customer 3822,SMB,West,Karan Bhatia,Hand Tools,1,907.94,5,862.54,Prepaid,Delivered,9
MER-101689,2026-07-23,Customer 2768,Enterprise,West,Karan Bhatia,Lubricants,5,1596.75,10,13035.54,Net 30,Cancelled,
MER-102339,2026-07-21,Customer 4752,Mid-Market,West,Vikram Shah,Hand Tools,2,989.66,0,1979.32,Net 30,Delivered,14
MER-100825,2026-07-26,Customer 1869,Enterprise,South,Priya Menon,Hand Tools,10,1111.27,12,9779.18,Net 30,Delivered,18
MER-102833,2026-07-31,Customer 3335,SMB,West,Arjun Desai,Lubricants,1,1634.73,5,1552.99,Net 60,Pending,
MER-101966,2026-07-09,Customer 4834,Enterprise,North,Karan Bhatia,Hand Tools,10,1010.42,5,9598.99,Net 30,Pending,
MER-101168,2026-07-09,Customer 2932,SMB,East,Meera Iyer,Fasteners,1,327.37,0,327.37,Prepaid,Delivered,6
MER-102325,2026-08-23,Customer 4919,Mid-Market,South ,Meera Iyer,Power Tools,25,7900.25,0,197506.25,Prepaid,Cancelled,
MER-101557,2026-07-27,Customer 3513,Mid-Market, East,Arjun Desai,Electricals,10,3332.73,5,31660.94,Prepaid,Delivered,7
MER-101515,2026-07-07,Customer 2404,Enterprise,North,Priya Menon,Safety Equipment,25,2000.41,10,45009.22,Net 30,Delivered,20
MER-100913,2026-07-23,Customer 2311,SMB,South,Sneha Kulkarni,Lubricants,2,1677.81,0,3355.62,Prepaid,Cancelled,
MER-100246,2026-08-07,Customer 3810,SMB,West,Priya Menon,Pneumatics,1,6364.51,0,6364.51,Prepaid,Delivered,19
MER-102253,2026-07-27,Customer 2674,Mid-Market,East,Anita Rao,Power Tools,2,6913.13,0,13826.26,Net 30,delivered,19
MER-100986,2026-09-18,Customer 4897,Mid-Market,West,Sneha Kulkarni,Electricals,10,2860.60,0,28606.00,Net 30,Delivered,4
MER-103891,2026-08-06,Customer 2251,SMB,East,Vikram Shah,Safety Equipment,5,2115.21,5,10047.25,Prepaid,Delivered,9
MER-101486,2026-08-03,Customer 4037,Enterprise,North,Vikram Shah,Lubricants,100,1293.58,5,122890.10,Prepaid,Delivered,14
MER-103231,2026-09-06,Customer 1752,Mid-Market, West,Anita Rao,Safety Equipment,5,1765.97,8,11965.03,Net 60,Cancelled,
MER-101270,2026-07-18,Customer 1494,SMB,South,Arjun Desai,Bearings & Drives,5,3635.40,0,18177.00,Net 60,DELIVERED,11
MER-102951,2026-07-25,Customer 1151,Mid-Market,West,Karan Bhatia,Safety Equipment,10,2001.78,8,18416.38,Prepaid,Delivered,18
MER-101291,2026-08-08,Customer 2783,SMB,West,Rahul Nair,Fasteners,2,350.85,0,701.70,Net 60,delivered,2
MER-100386,2026-07-24,Customer 1749,SMB,East,Priya Menon,Hand Tools,3,1010.35,0,3031.05,Net 60,delivered,18
MER-103068,2026-09-05,Customer 4318,Enterprise,North,Arjun Desai,Lubricants,50,1498.60,15,63690.50,Net 60,Delivered,3
MER-102504,2026-07-20,Customer 4362,Mid-Market,South,Karan Bhatia,Pneumatics,5,5219.66,5,24793.38,Net 60,Delivered,15
MER-103631,2026-09-29,Customer 2682,SMB,West,Priya Menon,Power Tools,1,6711.13,5,6375.57,Net 30,Returned,4
MER-103446,2026-09-30,Customer 4897,Mid-Market,West,Sneha Kulkarni,Pneumatics,5,6331.83,10,28493.24,Prepaid,Delivered,17
MER-102205,2026-08-18,Customer 2357,Mid-Market,South,Sneha Kulkarni,Lubricants,2,1422.27,10,2560.09,Net 30,DELIVERED,15
MER-100172,2026-08-23,Customer 4245,Mid-Market,North,Meera Iyer,Pneumatics,5,5925.05,0,29625.25,Prepaid,Returned,9
MER-103344,2026-07-12,Customer 2084,Mid-Market,North ,Karan Bhatia,Safety Equipment,5,1704.20,10,7668.90,Net 30,Pending,
MER-102818,2026-07-22,Customer 4709,Mid-Market,North,Arjun Desai,Safety Equipment,25,1730.53,5,41100.09,Net 30,Delivered,7
MER-100046,2026-07-17,Customer 1584,Mid-Market,North,Karan Bhatia,Fasteners,2,361.39,10,650.50,Net 30,Cancelled,
MER-102411,2026-09-05,Customer 3196,SMB,East,Rahul Nair,Power Tools,2,7336.04,0,14672.08,Net 30,Delivered,6
MER-103784,2026-07-28,Customer 1401,Mid-Market,West,Anita Rao,Lubricants,2,1263.04,10,2273.47,Net 30,delivered,10
MER-100857,2026-09-19,Customer 4300,Enterprise,East,Arjun Desai,Power Tools,10,7305.57,8,67211.24,Net 60,pending,
MER-102114,2026-07-28,Customer 3724,SMB,North,Karan Bhatia,Pneumatics,2,4907.92,0,9815.84,Prepaid,Delivered,2
MER-103895,2026-07-31,Customer 2365,Enterprise,West,Karan Bhatia,Pneumatics,10,4978.55,5,47296.22,Prepaid,delivered,4
MER-102524,2026-07-22,Customer 1526,Mid-Market,South,Priya Menon,Lubricants,2,1682.03,8,3094.94,Net 30,Cancelled,
MER-102011,2026-08-12,Customer 1251,Mid-Market,West,Rahul Nair,Lubricants,5,1689.98,8,7773.91,Net 60,delivered,8
MER-103270,2026-09-23,Customer 2934,Mid-Market,East,Arjun Desai,Power Tools,5,8178.73,10,36804.28,Prepaid,Delivered,5
MER-101736,2026-07-16,Customer 2965,Mid-Market,West,Sneha Kulkarni,Bearings & Drives,2,4000.77,8,7361.42,Net 30,cancelled,
MER-102826,2026-07-15,Customer 4366,Mid-Market,West,Vikram Shah,Pneumatics,25,6313.69,10,142058.02,Net 30,Delivered,14
MER-101218,2026-09-04,Customer 3463,SMB,North,Rahul Nair,Bearings & Drives,1,4675.38,0,4675.38,Net 30,Delivered,15
MER-102605,2026-09-25,Customer 4988,Mid-Market,East,Karan Bhatia,Electricals,5,3201.10,0,16005.50,Net 30,Delivered,13
MER-103377,2026-07-20,Customer 2128,SMB,North,Rahul Nair,Bearings & Drives,3,4161.66,5,11860.73,Net 30,delivered,14
MER-101378,2026-09-15,Customer 3182,SMB,South,Vikram Shah,Lubricants,3,1501.15,0,4503.45,Net 30,Delivered,19
MER-103334,2026-09-09,Customer 3870,Mid-Market,West,Priya Menon,Fasteners,5,310.32,0,1551.60,Net 30,Delivered,8
MER-102008,2026-07-24,Customer 1977,SMB,South,Arjun Desai,Bearings & Drives,3,4541.09,0,13623.27,Net 30,cancelled,
MER-101320,2026-07-16,Customer 3121,SMB,West,Rahul Nair,Lubricants,2,1296.34,0,2592.68,Prepaid,delivered,19
MER-101537,2026-09-04,Customer 1663,SMB,North,Meera Iyer,Bearings & Drives,1,3854.26,0,3854.26,Net 30,Delivered,12
MER-102363,2026-09-12,Customer 2837,SMB,West,Priya Menon,Hand Tools,1,848.54,0,848.54,Net 30,DELIVERED,3
MER-101869,2026-08-31,Customer 2518,SMB,North,Vikram Shah,Pneumatics,1,5853.43,5,5560.76,Net 60,Delivered,16
MER-102144,2026-08-06,Customer 3956,Mid-Market,South ,Sneha Kulkarni,Fasteners,2,331.71,0,663.42,Net 30,Cancelled,
MER-101875,2026-09-08,Customer 2127,Mid-Market,North,Vikram Shah,Bearings & Drives,5,4375.63,0,21878.15,Prepaid,Delivered,7
MER-103545,2026-07-24,Customer 4200,Mid-Market,West,Sneha Kulkarni,Lubricants,5,1257.85,8,5786.11,Net 60,Pending,
MER-101567,2026-08-31,Customer 1501,SMB,West,Vikram Shah,Fasteners,3,292.90,0,878.70,Net 30,Delivered,19
MER-103817,2026-07-24,Customer 1222,Mid-Market,North,Rahul Nair,Bearings & Drives,5,3676.22,8,16910.61,Prepaid,DELIVERED,8
MER-102961,2026-08-29,Customer 2450,Mid-Market,East ,Karan Bhatia,Electricals,5,2780.80,0,13904.00,Net 60,Delivered,9
MER-100226,2026-09-14,Customer 1236,Mid-Market,South,Meera Iyer,Lubricants,2,1338.33,0,2676.66,Prepaid,Delivered,2
MER-102846,2026-07-15,Customer 1305,Enterprise,South,Vikram Shah,Pneumatics,25,6147.53,5,146003.84,Prepaid,delivered,4
MER-101942,2026-09-18,Customer 2573,Mid-Market, North,Arjun Desai,Fasteners,10,320.09,5,3040.85,Prepaid,Delivered,16
MER-100373,2026-07-31,Customer 2625,SMB,South,Priya Menon,Safety Equipment,2,1965.44,0,3930.88,Net 30,Delivered,20
MER-102552,2026-09-06,Customer 2742,Mid-Market,North,Anita Rao,Safety Equipment,5,1577.05,0,7885.25,Net 30,CANCELLED,
MER-100205,2026-07-07,Customer 2621,Enterprise,North,Vikram Shah,Lubricants,25,1473.85,15,31319.31,Prepaid,Returned,14
MER-101904,2026-08-24,Customer 3602,Mid-Market,North,Sneha Kulkarni,Power Tools,5,8755.60,0,43778.00,Prepaid,returned,18
MER-102209,2026-07-21,Customer 1192,SMB,East,Vikram Shah,Lubricants,2,1297.04,5,2464.38,Net 30,Delivered,8
MER-103160,2026-09-25,Customer 2583,SMB,North ,Rahul Nair,Hand Tools,2,1080.20,0,2160.40,Prepaid,Delivered,10
MER-101717,2026-09-19,Customer 2728,SMB,West,Anita Rao,Bearings & Drives,2,4176.68,0,8353.36,Net 30,delivered,19
MER-101361,2026-07-02,Customer 2020,Small Business,West,Vikram Shah,Safety Equipment,1,1645.77,5,1563.48,Net 30,Delivered,18
MER-102628,2026-09-03,Customer 3419,SMB,South,Karan Bhatia,Hand Tools,1,1034.23,0,1034.23,Net 30,Cancelled,
MER-100733,2026-08-09,Customer 3912,SMB,North,Priya Menon,Pneumatics,2,5319.28,0,10638.56,Net 30,Delivered,16
MER-103949,2026-07-18,Customer 2573,Enterprise,West,Rahul Nair,Hand Tools,5,1059.67,8,4874.48,Net 60,DELIVERED,8
MER-101893,2026-08-05,Customer 4730,Mid-Market,North,Priya Menon,Fasteners,5,280.69,10,1263.11,Prepaid,Delivered,9
MER-101149,2026-08-01,Customer 3839,Enterprise,West,Anita Rao,Electricals,5,3622.70,5,33024.38,Net 30,Pending,
MER-102636,2026-09-14,Customer 3432,Enterprise,West,Priya Menon,Fasteners,5,333.66,5,1584.88,Net 30,Delivered,14
MER-102073,2026-09-15,Customer 4093,Mid-Market,West,Arjun Desai,Safety Equipment,5,1535.62,8,7063.85,Prepaid,Delivered,14
MER-102146,2026-07-06,Customer 4545,Mid-Market,North,Meera Iyer,Safety Equipment,10,1671.99,0,16719.90,Net 30,Delivered,16
MER-100749,2026-09-27,Customer 1779,SMB,South,Priya Menon,Safety Equipment,2,2083.78,0,4167.56,Net 60,delivered,15
MER-100076,2026-09-23,Customer 3505,SMB,North,Meera Iyer,Fasteners,5,304.92,0,1524.60,Net 60,Delivered,16
MER-102495,2026-07-15,Customer 3218,SMB,South,Priya Menon,Bearings & Drives,2,4611.09,0,9222.18,Net 30,Delivered,4
MER-101229,2026-07-23,Customer 1496,SMB,North,Meera Iyer,Lubricants,1,1531.10,0,1531.10,Net 60,Delivered,14
MER-103908,2026-08-06,Customer 3068,Enterprise, West,Priya Menon,Bearings & Drives,10,3740.86,12,32919.57,Net 60,Delivered,20
MER-102835,2026-08-12,Customer 1340,Mid-Market,West,Karan Bhatia,Fasteners,5,298.52,5,1417.97,Net 30,Delivered,6
MER-100823,2026-08-18,Customer 4333,Mid-Market,West,Vikram Shah,Bearings & Drives,10,4789.64,10,43106.76,Net 30,Delivered,8
MER-101227,2026-09-19,Customer 1869,SMB,West,Anita Rao,Pneumatics,2,4996.52,0,17140.24,Net 30,delivered,14
MER-102532,2026-07-04,Customer 3216,Mid-Market,West,Karan Bhatia,Electricals,2,2918.30,8,5369.67,Net 30,Delivered,18
MER-100612,2026-09-28,Customer 4797,SMB,East,Sneha Kulkarni,Safety Equipment,2,2061.03,0,4122.06,Net 30,Pending,
MER-100990,2026-08-25,Customer 1236,Mid-Market,West ,Vikram Shah,Lubricants,5,1639.54,8,7541.88,Net 30,DELIVERED,10
MER-101211,2026-09-08,Customer 3875,SMB,North,Anita Rao,Bearings & Drives,2,4866.43,5,9246.22,Net 60,Delivered,10
MER-103719,2026-08-24,Customer 2756,Mid-Market,South,Rahul Nair,Safety Equipment,5,1743.22,5,8280.30,Prepaid,pending,
MER-101481,2026-09-20,Customer 1129,Mid-Market,East,Arjun Desai,Hand Tools,5,919.69,8,4230.57,Net 30,Pending,
MER-102708,2026-08-15,Customer 3881,Enterprise,South,Sneha Kulkarni,Safety Equipment,5,2017.45,8,9280.27,Net 30,delivered,19
MER-102519,2026-08-26,Customer 1230,SMB,North,Rahul Nair,Power Tools,1,7530.57,0,7530.57,Net 30,Delivered,20
MER-100803,2026-09-28,Customer 2764,Enterprise,South,Priya Menon,Safety Equipment,5,1977.73,5,9394.22,Prepaid,Delivered,12
MER-100014,2026-09-21,Customer 3120,Mid-Market,North,Sneha Kulkarni,Bearings & Drives,5,4704.62,10,21170.79,Prepaid,Delivered,10
MER-102261,2026-07-11,Customer 2578,Enterprise,North,Sneha Kulkarni,Safety Equipment,10,2050.75,12,18046.60,Prepaid,Delivered,18
MER-103432,2026-09-12,Customer 3525,Mid-Market,West,Vikram Shah,Bearings & Drives,10,4682.18,10,42139.62,Net 60,Pending,
MER-100722,2026-09-09,Customer 3386,SMB,West,Arjun Desai,Bearings & Drives,2,3724.33,0,7448.66,Net 30,Pending,
MER-103931,2026-07-25,Customer 4060,Mid-Market,South,Vikram Shah,Pneumatics,2,5286.63,0,10573.26,Net 30,Delivered,21
MER-103864,2026-08-29,Customer 2829,Mid-Market,North,Vikram Shah,Pneumatics,2,5513.10,10,9923.58,Prepaid,Delivered,19
MER-102389,2026-08-01,Customer 3930,Mid-Market,North,Karan Bhatia,Bearings & Drives,10,4418.61,10,39767.49,Net 30,Delivered,15
MER-103585,2026-07-12,Customer 3917,SMB,South,Arjun Desai,Fasteners,1,339.65,0,339.65,Net 60,delivered,13
MER-101023,2026-07-17,Customer 1783,SMB,South,Priya Menon,Electricals,2,2701.98,0,5403.96,Net 30,delivered,20
MER-102608,2026-07-03,Customer 4889,Mid-Market,North,Rahul Nair,Fasteners,5,313.61,0,1568.05,Net 60,delivered,19
MER-101276,2026-08-15,Customer 3644,SMB,West,Meera Iyer,Lubricants,1,1460.67,0,1460.67,Net 60,Delivered,20
MER-100906,2026-07-08,Customer 1692,SMB,West,Rahul Nair,Lubricants,3,1651.72,0,4955.16,Prepaid,Returned,18
MER-101097,2026-09-10,Customer 3670,SMB,North,Sneha Kulkarni,Hand Tools,3,835.47,0,2506.41,Prepaid,Delivered,11
MER-101040,2026-07-03,Customer 4536,Mid-Market,North,Vikram Shah,Lubricants,10,1396.73,10,12570.57,Net 30,Delivered,4
MER-102705,2026-07-12,Customer 2410,SMB,North,Sneha Kulkarni,Power Tools,2,6693.99,5,12718.58,Net 30,Delivered,14
MER-100555,2026-08-31,Customer 3262,Mid-Market,North,Karan Bhatia,Lubricants,2,1688.54,0,3377.08,Net 30,delivered,16
MER-101564,2026-07-09,Customer 1219,Enterprise,North,Anita Rao,Bearings & Drives,5,3758.04,10,16911.18,Prepaid,Delivered,12
MER-100651,2026-09-23,Customer 1088,Mid-Market,South,Anita Rao,Pneumatics,5,6115.12,0,30575.60,Net 60,DELIVERED,16
MER-101277,2026-08-21,Customer 1153,SMB,South ,Karan Bhatia,Lubricants,1,1639.91,5,,Net 60,Delivered,3
MER-103671,2026-08-04,Customer 4496,Enterprise,South,Vikram Shah,Pneumatics,5,5881.59,10,26467.16,Net 30,Delivered,9
MER-100326,2026-08-12,Customer 1537,Mid-Market,North,Priya Menon,Hand Tools,10,861.80,0,8618.00,Net 30,Pending,
MER-103156,2026-08-19,Customer 1507,Small Business,North,Vikram Shah,Pneumatics,1,5102.05,0,5102.05,Net 30,Delivered,9
MER-100701,2026-08-29,Customer 3447,Enterprise,South,Vikram Shah,Bearings & Drives,25,4317.62,5,102543.47,Prepaid,Delivered,8
MER-102634,2026-07-08,Customer 2574,SMB,South ,Priya Menon,Pneumatics,3,5108.62,5,14559.57,Net 30,delivered,6
MER-100357,2026-07-19,Customer 2531,Enterprise,South,Arjun Desai,Pneumatics,25,4839.15,8,111300.45,Prepaid,Delivered,3
MER-102874,2026-07-30,Customer 3563,Mid-Market,South,Anita Rao,Fasteners,10,284.12,8,4434.34,Net 30,Delivered,2
MER-103513,2026-07-29,Customer 2230,Enterprise,East,Priya Menon,Power Tools,25,6769.11,12,148920.42,Net 30,Delivered,16
MER-102856,2026-07-07,Customer 4474,SMB,West,Anita Rao,Electricals,3,3036.71,0,9110.13,Net 30,Delivered,11
MER-103594,2026-09-10,Customer 2276,Mid-Market,West,Karan Bhatia,Fasteners,10,352.96,0,3529.60,Prepaid,Delivered,18
MER-102375,2026-08-29,Customer 2301,SMB,South,Vikram Shah,Bearings & Drives,3,4351.15,5,12400.78,Net 30,Delivered,11
MER-101538,2026-08-29,Customer 1891,Enterprise,South,Priya Menon,Electricals,10,2976.06,10,26784.54,Net 60,Delivered,21
MER-102627,2026-08-26,Customer 4773,Enterprise,East,Rahul Nair,Safety Equipment,25,1750.88,15,37206.20,Net 30,Delivered,6
MER-101829,2026-08-12,Customer 3441,SMB,South,Rahul Nair,Bearings & Drives,1,4063.45,0,4063.45,Net 60,Pending,
MER-101359,2026-08-12,Customer 3313,SMB,South,Meera Iyer,Power Tools,1,7648.68,0,7648.68,Net 30,Delivered,11
MER-101207,2026-09-04,Customer 3920,Mid-Market,South,Sneha Kulkarni,Bearings & Drives,2,3652.82,0,7305.64,Prepaid,Delivered,15
MER-100865,2026-07-06,Customer 4612,SMB,West,Rahul Nair,Hand Tools,1,1100.93,0,1100.93,Net 30,delivered,8
MER-102480,2026-09-04,Customer 4977,SMB,East ,Anita Rao,Pneumatics,3,6217.88,5,31550.22,Net 30,Returned,10
MER-101688,2026-09-16,Customer 3583,Mid-Market,East,Meera Iyer,Electricals,10,2872.33,10,25850.97,Net 30,delivered,17
MER-102925,2026-08-06,Customer 1945,Mid-Market,North,Arjun Desai,Lubricants,10,1705.54,0,17055.40,Net 60,Delivered,18
MER-102514,2026-07-27,Customer 3435,Enterprise,East,Sneha Kulkarni,Hand Tools,5,814.32,15,3460.86,Net 30,Cancelled,
MER-100289,2026-08-28,Customer 3483,Small Business,West,Vikram Shah,Lubricants,1,1421.27,0,1421.27,Net 30,Delivered,10
MER-102780,2026-08-31,Customer 4779,Mid-Market,North,Rahul Nair,Lubricants,5,1350.89,8,,Net 30,delivered,8
MER-102343,2026-08-08,Customer 2584,Enterprise,North,Vikram Shah,Lubricants,5,1580.86,10,7113.87,Prepaid,Delivered,5
MER-102280,2026-08-10,Customer 2989,Mid-Market,East,Meera Iyer,Safety Equipment,10,1766.55,10,15898.95,Net 60,Cancelled,
MER-102502,2026-08-28,Customer 3698,Mid-Market,East,Sneha Kulkarni,Electricals,25,2649.64,0,66241.00,Net 30,PENDING,
MER-101858,2026-08-31,Customer 3808,Enterprise,South,Anita Rao,Hand Tools,10,978.55,0,14844.64,Net 60,Delivered,18
MER-103424,2026-09-14,Customer 4398,Enterprise,South,Vikram Shah,Hand Tools,5,955.44,10,4299.48,Net 60,Delivered,15
MER-103878,2026-08-30,Customer 2276,Mid-Market,North,Rahul Nair,Lubricants,2,1576.16,0,3152.32,Prepaid,Delivered,18
MER-100890,2026-09-19,Customer 3853,SMB,West,Meera Iyer,Lubricants,1,1309.46,0,1309.46,Net 30,Delivered,9
MER-103325,2026-07-01,Customer 4835,Enterprise,East,Sneha Kulkarni,Bearings & Drives,5,4086.41,0,20432.05,Net 30,Returned,14
MER-103615,2026-09-29,Customer 3379,Enterprise,South,Karan Bhatia,Electricals,25,2865.56,12,63042.32,Net 30,Delivered,2
MER-102167,2026-08-28,Customer 1351,SMB,North,Vikram Shah,Hand Tools,3,1040.43,0,3121.29,Prepaid,delivered,19
MER-101761,2026-07-17,Customer 2311,SMB,South,Karan Bhatia,Fasteners,1,308.93,0,308.93,Net 30,pending,
MER-100410,2026-08-27,Customer 4665,Mid-Market,South,Karan Bhatia,Power Tools,25,7069.40,8,162596.20,Net 30,Delivered,18
MER-101471,2026-08-29,Customer 4991,SMB,North,Vikram Shah,Electricals,2,3333.93,0,6667.86,Prepaid,cancelled,
MER-101724,2026-07-25,Customer 3160,SMB,West,Priya Menon,Bearings & Drives,1,4637.37,0,4637.37,Net 30,Returned,20
MER-103054,2026-07-31,Customer 2250,SMB,East,Vikram Shah,Safety Equipment,1,1798.55,5,1708.62,Net 60,delivered,13
MER-103314,2026-07-03,Customer 3220,Mid-Market,West,Rahul Nair,Fasteners,10,342.88,5,3257.36,Prepaid,Returned,6
MER-103404,2026-08-30,Customer 2231,SMB,South,Sneha Kulkarni,Power Tools,3,6906.47,0,20719.41,Net 60,Delivered,19
MER-103946,2026-09-13,Customer 1603,Mid-Market,West,Rahul Nair,Fasteners,5,276.72,8,1272.91,Net 60,Returned,14
MER-102520,2026-07-07,Customer 2561,SMB,North,Meera Iyer,Pneumatics,3,4678.21,0,14034.63,Net 30,Delivered,15
MER-103253,2026-09-22,Customer 2382,SMB,East,Rahul Nair,Hand Tools,1,988.83,0,988.83,Net 30,Delivered,4
MER-102935,2026-09-25,Customer 1393,Small Business,West,Anita Rao,Power Tools,2,8739.38,0,29060.29,Prepaid,returned,21
MER-100936,2026-08-22,Customer 1965,Enterprise,North,Arjun Desai,Safety Equipment,10,1997.63,8,18378.20,Net 60,Delivered,15
MER-100185,2026-09-19,Customer 1862,SMB,West,Sneha Kulkarni,Safety Equipment,2,1648.55,0,3297.10,Prepaid,delivered,6
MER-102101,2026-07-18,Customer 2670,SMB,South ,Priya Menon,Pneumatics,2,5464.80,5,10383.12,Net 30,Cancelled,
MER-101629,2026-07-04,Customer 1657,SMB,West,Karan Bhatia,Pneumatics,1,4799.55,5,4559.57,Net 30,Delivered,12
MER-101796,2026-07-01,Customer 2745,Mid-Market,North,Sneha Kulkarni,Lubricants,5,1600.48,10,7202.16,Prepaid,Delivered,2
MER-102816,2026-08-08,Customer 3477,SMB,East,Meera Iyer,Lubricants,2,1567.06,5,2977.41,Net 60,Pending,
MER-102156,2026-07-16,Customer 4277,SMB,West,Sneha Kulkarni,Bearings & Drives,1,4480.35,0,4480.35,Net 60,Pending,
MER-103544,2026-07-28,Customer 2829,Enterprise, South,Vikram Shah,Bearings & Drives,50,3933.22,8,180928.12,Net 60,Delivered,13
MER-100284,2026-08-19,Customer 4888,Enterprise,North,Karan Bhatia,Bearings & Drives,10,4423.51,0,44235.10,Net 30,Delivered,8
MER-101921,2026-08-11,Customer 4672,SMB,West,Priya Menon,Fasteners,1,334.18,0,334.18,Prepaid,delivered,7
MER-102002,2026-09-11,Customer 3828,Small Business,West,Rahul Nair,Hand Tools,2,910.78,0,1821.56,Net 30,Delivered,13
MER-103862,2026-07-15,Customer 1300,SMB,North,Sneha Kulkarni,Bearings & Drives,5,4096.78,0,20483.90,Net 30,Delivered,16
MER-103727,2026-07-28,Customer 1090,Enterprise,North,Sneha Kulkarni,Safety Equipment,10,1590.92,8,14636.46,Prepaid,Delivered,18
MER-102083,2026-07-04,Customer 4303,Enterprise,West,Meera Iyer,Bearings & Drives,25,4908.23,5,194093.26,Net 60,Delivered,17
MER-102787,2026-08-09,Customer 3504,SMB,North,Karan Bhatia,Pneumatics,2,4761.57,0,9523.14,Net 30,Delivered,4
MER-101138,2026-09-04,Customer 2525,SMB, West,Priya Menon,Fasteners,2,374.34,0,748.68,Prepaid,Delivered,9
MER-102285,2026-08-10,Customer 2158,Mid-Market,North,Priya Menon,Bearings & Drives,10,3896.40,10,35067.60,Net 30,Delivered,4
MER-103133,2026-09-23,Customer 2019,SMB,South,Karan Bhatia,Bearings & Drives,1,4800.88,0,4800.88,Net 30,CANCELLED,
MER-102715,2026-09-25,Customer 1977,Enterprise,South,Rahul Nair,Pneumatics,5,6050.59,10,27227.66,Prepaid,Delivered,8
MER-103157,2026-08-20,Customer 4473,SMB,North,Anita Rao,Hand Tools,2,905.64,0,3142.77,Net 60,Delivered,8
MER-101307,2026-08-09,Customer 3480,SMB,North,Meera Iyer,Safety Equipment,3,1959.47,0,5878.41,Net 60,delivered,6
MER-101216,2026-09-18,Customer 1428,SMB,South,Priya Menon,Lubricants,1,1423.38,0,1423.38,Prepaid,Pending,
MER-103405,2026-07-10,Customer 4807,Mid-Market,East,Vikram Shah,Power Tools,2,7574.68,5,14391.89,Net 30,Delivered,8
MER-101030,2026-09-02,Customer 3916,Mid-Market, South,Meera Iyer,Power Tools,25,8338.47,0,208461.75,Net 30,Delivered,5
MER-101962,2026-07-18,Customer 4480,SMB,North,Sneha Kulkarni,Safety Equipment,3,1983.83,5,5653.92,Net 30,Delivered,4
MER-101916,2026-09-30,Customer 2558,SMB,South,Anita Rao,Fasteners,3,356.60,5,1016.31,Net 60,Delivered,4
MER-101721,2026-07-10,Customer 1689,Mid-Market,South,Karan Bhatia,Fasteners,2,317.47,8,584.14,Net 60,delivered,5
MER-103329,2026-09-05,Customer 3464,Mid-Market,South,Rahul Nair,Safety Equipment,5,1812.77,5,8610.66,Net 30,Delivered,7
MER-102843,2026-08-04,Customer 4878,Mid-Market,North,Priya Menon,Power Tools,5,7110.70,5,33775.82,Net 30,Delivered,5
MER-102185,2026-07-01,Customer 4665,SMB,West,Anita Rao,Fasteners,5,349.36,5,1659.46,Net 30,delivered,16
MER-102730,2026-08-18,Customer 1462,Mid-Market,East,Sneha Kulkarni,Safety Equipment,5,1761.46,5,8366.93,Net 60,Delivered,8
MER-100907,2026-08-14,Customer 3623,Mid-Market,South,Karan Bhatia,Lubricants,2,1239.61,10,2231.30,Net 60,Delivered,10
MER-101517,2026-07-23,Customer 3794,SMB,North,Meera Iyer,Lubricants,5,1535.45,5,7293.39,Net 60,cancelled,
MER-102125,2026-07-21,Customer 3772,Mid-Market,East,Priya Menon,Electricals,2,2942.18,0,5884.36,Net 30,CANCELLED,
MER-100375,2026-09-23,Customer 1633,SMB,South,Priya Menon,Safety Equipment,1,1697.37,0,1697.37,Net 30,Pending,
MER-100874,2026-09-13,Customer 4094,Mid-Market,East,Vikram Shah,Lubricants,2,1643.71,8,3024.43,Net 30,DELIVERED,2
MER-101462,2026-08-01,Customer 1554,Enterprise,North,Karan Bhatia,Bearings & Drives,5,3936.93,10,17716.18,Net 30,cancelled,
MER-101407,2026-07-08,Customer 1296,Enterprise,South,Priya Menon,Fasteners,10,301.48,15,2562.58,Net 30,Delivered,5
MER-100854,2026-07-01,Customer 4573,Mid-Market,West,Rahul Nair,Electricals,2,2844.18,0,5688.36,Net 60,Delivered,13
MER-103963,2026-08-27,Customer 2066,SMB,East,Priya Menon,Fasteners,3,368.39,0,1105.17,Net 60,DELIVERED,4
MER-103737,2026-08-20,Customer 3703,Enterprise,North,Priya Menon,Electricals,25,3289.89,0,82247.25,Net 30,Pending,
MER-103285,2026-07-15,Customer 2956,SMB,West,Sneha Kulkarni,Pneumatics,2,5832.95,0,11665.90,Prepaid,Delivered,19
MER-100726,2026-08-15,Customer 3072,Mid-Market,North,Arjun Desai,Lubricants,2,1656.50,0,3313.00,Prepaid,delivered,10
MER-103330,2026-08-03,Customer 1263,Enterprise,East,Vikram Shah,Hand Tools,25,1029.18,8,23671.14,Prepaid,delivered,11
MER-102617,2026-08-27,Customer 3660,Mid-Market,South,Arjun Desai,Fasteners,2,335.06,0,670.12,Net 60,returned,2
MER-101094,2026-08-24,Customer 3031,Enterprise,West,Anita Rao,Power Tools,10,8436.76,10,207592.69,Net 30,Pending,
MER-103626,2026-07-21,Customer 4340,SMB,South,Karan Bhatia,Fasteners,2,310.75,0,621.50,Prepaid,Delivered,20
MER-102350,2026-09-24,Customer 1803,SMB,North,Karan Bhatia,Lubricants,1,1576.46,5,1497.64,Prepaid,Delivered,14
MER-100840,2026-09-15,Customer 2969,Enterprise,West,Rahul Nair,Bearings & Drives,25,4738.26,0,240199.42,Net 60,Delivered,11
MER-100309,2026-09-15,Customer 1830,Mid-Market,South,Vikram Shah,Safety Equipment,5,2021.66,5,9602.89,Prepaid,Delivered,9
MER-100071,2026-08-04,Customer 3859,SMB,South,Anita Rao,Electricals,3,3094.17,5,8818.38,Net 30,Delivered,9
MER-100315,2026-07-28,Customer 1236,Mid-Market,West,Vikram Shah,Electricals,10,2678.82,8,24645.14,Net 30,Delivered,15
MER-100408,2026-07-28,Customer 1220,SMB,North,Anita Rao,Safety Equipment,1,1714.90,0,1714.90,Net 60,DELIVERED,8
MER-102810,2026-09-21,Customer 3615,Enterprise,East,Rahul Nair,Hand Tools,10,1052.77,12,9264.38,Net 60,Delivered,9
MER-103139,2026-09-09,Customer 2977,SMB,South,Meera Iyer,Lubricants,1,1501.25,0,1501.25,Prepaid,Delivered,20
MER-103740,2026-08-29,Customer 1924,SMB,West,Anita Rao,Electricals,3,3138.85,0,13184.17,Net 30,Delivered,8
MER-100166,2026-09-30,Customer 4960,SMB,North,Meera Iyer,Lubricants,1,1633.86,5,,Net 60,Delivered,7
MER-103871,2026-09-28,Customer 2450,Mid-Market,South,Priya Menon,Bearings & Drives,2,4482.15,10,8067.87,Prepaid,Delivered,2
MER-103759,2026-09-27,Customer 2080,SMB,North,Anita Rao,Lubricants,1,1360.04,0,1360.04,Prepaid,DELIVERED,9
MER-101897,2026-07-12,Customer 2389,SMB,West,Sneha Kulkarni,Pneumatics,1,5998.74,0,5998.74,Net 30,Delivered,18
MER-101315,2026-09-12,Customer 3259,SMB,South,Anita Rao,Power Tools,1,8965.27,0,16003.40,Net 30,Pending,
MER-102216,2026-08-24,Customer 3831,Enterprise, East,Sneha Kulkarni,Bearings & Drives,5,4650.29,15,19763.73,Prepaid,Delivered,11
MER-103855,2026-09-16,Customer 2379,Enterprise,North,Rahul Nair,Electricals,5,2782.30,8,12798.58,Net 30,Delivered,6
MER-101892,2026-08-08,Customer 2055,SMB,West,Meera Iyer,Lubricants,1,1233.32,0,1233.32,Net 30,Pending,
MER-102019,2026-07-29,Customer 1603,Mid-Market,West,Meera Iyer,Power Tools,5,8387.37,8,38581.90,Net 30,Delivered,13
MER-103469,2026-09-28,Customer 1959,Enterprise,North,Karan Bhatia,Pneumatics,10,5045.51,15,42886.84,Net 30,delivered,18
MER-102017,2026-08-24,Customer 4502,SMB,East,Rahul Nair,Hand Tools,2,1119.04,0,2238.08,Net 30,Delivered,10
MER-101374,2026-09-10,Customer 2511,Mid-Market,North,Karan Bhatia,Electricals,5,3099.31,0,15496.55,Net 60,Pending,
MER-102471,2026-09-10,Customer 1522,Mid-Market,North,Karan Bhatia,Fasteners,10,313.67,10,2823.03,Net 30,Returned,6
MER-103506,2026-08-20,Customer 2372,Mid-Market,North,Arjun Desai,Lubricants,10,1346.13,8,12384.40,Prepaid,Delivered,8
MER-103093,2026-09-22,Customer 4191,Mid-Market,North,Karan Bhatia,Bearings & Drives,10,3607.49,0,36074.90,Prepaid,Delivered,13
MER-103807,2026-08-29,Customer 1433,Mid-Market,South,Karan Bhatia,Safety Equipment,2,1994.04,10,3589.27,Net 30,Delivered,11
MER-103552,2026-08-28,Customer 1741,SMB,North,Arjun Desai,Safety Equipment,2,1546.24,5,2937.86,Net 30,Delivered,15
MER-103077,2026-09-20,Customer 2425,SMB,South,Sneha Kulkarni,Power Tools,2,8262.60,0,16525.20,Net 30,Pending,
MER-101924,2026-08-14,Customer 1656,Mid-Market,South,Priya Menon,Lubricants,25,1514.90,10,34085.25,Prepaid,Delivered,15
MER-102331,2026-07-28,Customer 2352,Enterprise,West,Meera Iyer,Fasteners,100,336.19,8,71575.16,Prepaid,delivered,18
MER-103932,2026-08-16,Customer 2800,Enterprise,North,Sneha Kulkarni,Bearings & Drives,100,3578.16,8,329190.72,Net 30,Delivered,21
MER-102557,2026-09-23,Customer 2918,SMB,West,Karan Bhatia,Power Tools,3,8360.30,0,25080.90,Net 60,Delivered,15
MER-101437,2026-07-06,Customer 2514,SMB,South,Priya Menon,Power Tools,1,8411.45,0,8411.45,Net 60,Pending,
MER-101195,2026-07-29,Customer 1600,Enterprise,North,Anita Rao,Fasteners,100,335.05,12,29484.40,Net 60,Pending,
MER-101899,2026-07-10,Customer 2994,Mid-Market, East,Meera Iyer,Power Tools,2,7972.57,0,15945.14,Net 30,Pending,
MER-100139,2026-07-05,Customer 4166,Mid-Market,South,Priya Menon,Electricals,10,3296.97,5,31321.21,Net 60,Delivered,20
MER-100880,2026-07-27,Customer 2988,SMB,South,Meera Iyer,Hand Tools,1,891.70,0,891.70,Prepaid,delivered,3
MER-103571,2026-09-13,Customer 3043,SMB,North,Arjun Desai,Electricals,2,3233.10,5,6142.89,Net 30,Cancelled,
MER-102914,2026-08-16,Customer 2105,Mid-Market,West,Priya Menon,Lubricants,2,1317.31,0,2634.62,Net 30,Delivered,3
MER-103861,2026-07-31,Customer 3095,SMB,West,Priya Menon,Hand Tools,5,988.44,0,4942.20,Net 30,Delivered,21
MER-100995,2026-08-24,Customer 1687,Enterprise,West,Priya Menon,Bearings & Drives,5,4873.00,12,45970.12,Net 30,DELIVERED,4
MER-101718,2026-09-25,Customer 1394,Mid-Market,South,Rahul Nair,Safety Equipment,2,1885.22,8,3468.80,Prepaid,Returned,18
MER-103038,2026-08-30,Customer 2665,Mid-Market,West,Priya Menon,Hand Tools,2,819.05,5,1556.19,Net 60,delivered,3
MER-102830,2026-08-20,Customer 2103,SMB,West,Anita Rao,Safety Equipment,1,1781.29,0,1781.29,Net 30,Delivered,16
MER-103619,2026-08-24,Customer 2779,SMB,East,Anita Rao,Fasteners,2,354.77,5,943.81,Net 60,Returned,16
MER-102109,2026-07-08,Customer 2047,SMB,West,Karan Bhatia,Hand Tools,3,1113.87,5,3174.53,Net 30,delivered,10
MER-101036,2026-08-19,Customer 1952,Enterprise,West,Vikram Shah,Electricals,100,2635.39,12,455445.00,Net 30,Delivered,19
MER-101746,2026-09-05,Customer 3769,Mid-Market,North,Vikram Shah,Hand Tools,5,1075.87,8,4949.00,Prepaid,pending,
MER-101971,2026-09-08,Customer 4508,Enterprise,North,Priya Menon,Power Tools,25,6645.12,0,166128.00,Net 30,delivered,17
MER-103854,2026-09-17,Customer 2623,Enterprise,South,Sneha Kulkarni,Fasteners,10,287.83,5,2734.38,Net 60,Delivered,6
MER-100109,2026-07-16,Customer 3408,Mid-Market,West,Meera Iyer,Lubricants,25,1257.90,10,28302.75,Net 60,delivered,12
MER-100704,2026-08-10,Customer 1000,SMB,South,Anita Rao,Bearings & Drives,1,3932.60,0,3932.60,Net 30,Delivered,17
MER-102085,2026-08-06,Customer 3861,Mid-Market,North,Vikram Shah,Fasteners,5,341.65,8,1571.59,Net 30,Delivered,11
MER-101818,2026-09-10,Customer 4719,Mid-Market,West,Priya Menon,Lubricants,2,1440.37,10,2592.67,Net 60,Cancelled,
MER-100540,2026-08-22,Customer 2283,Mid-Market, South,Karan Bhatia,Electricals,10,3655.52,0,36555.20,Net 30,Delivered,7
MER-103656,2026-08-10,Customer 1303,Enterprise,North,Arjun Desai,Hand Tools,25,1094.84,0,27371.00,Net 30,Delivered,3
MER-102731,2026-08-13,Customer 1270,Enterprise,North,Rahul Nair,Lubricants,5,1346.49,8,6193.85,Net 60,delivered,15
MER-100678,2026-07-10,Customer 3483,SMB,North,Arjun Desai,Pneumatics,2,6087.92,0,12175.84,Prepaid,Delivered,19
MER-100257,2026-08-13,Customer 1605,Enterprise,West,Anita Rao,Power Tools,25,7054.75,0,176368.75,Net 30,cancelled,
MER-101659,2026-08-07,Customer 4771,Mid-Market,North,Priya Menon,Lubricants,5,1233.50,5,5859.12,Net 60,DELIVERED,15
MER-100368,2026-09-14,Customer 2537,SMB,East,Sneha Kulkarni,Electricals,2,2672.97,0,5345.94,Net 30,Delivered,17
MER-102860,2026-09-19,Customer 1212,Mid-Market,West,Anita Rao,Bearings & Drives,5,4874.51,0,24372.55,Net 30,Delivered,5
MER-102152,2026-08-08,Customer 2534,SMB,East,Sneha Kulkarni,Fasteners,2,321.51,0,643.02,Net 30,Delivered,13
MER-102745,2026-08-02,Customer 3898,SMB,North,Priya Menon,Lubricants,1,1358.95,0,1358.95,Net 30,Delivered,11
MER-103247,2026-07-17,Customer 2314,SMB,South,Vikram Shah,Hand Tools,1,1018.90,5,967.95,Net 30,Delivered,13
MER-102647,2026-08-28,Customer 4226,SMB,West,Anita Rao,Pneumatics,1,6312.83,0,6312.83,Net 60,Delivered,16
MER-101939,2026-09-07,Customer 1561,SMB,North,Meera Iyer,Electricals,2,3607.51,5,,Net 60,delivered,9
MER-103808,2026-09-02,Customer 2192,SMB,South,Rahul Nair,Lubricants,2,1653.11,0,3306.22,Net 30,Delivered,6
MER-101457,2026-08-03,Customer 1584,SMB,North,Vikram Shah,Electricals,1,3516.26,5,3340.45,Net 60,DELIVERED,9
MER-101394,2026-07-20,Customer 1602,Mid-Market,North,Karan Bhatia,Fasteners,5,371.76,0,1858.80,Net 30,Delivered,12
MER-101964,2026-08-06,Customer 2173,Small Business,North,Arjun Desai,Bearings & Drives,0,3805.19,5,0.00,Net 30,Delivered,5
MER-103507,2026-07-09,Customer 2663,SMB,North,Rahul Nair,Lubricants,3,1482.89,0,4448.67,Net 60,cancelled,
MER-100766,2026-07-27,Customer 3478,Enterprise,South,Meera Iyer,Pneumatics,5,5495.98,8,25281.51,Net 30,Delivered,5
MER-100128,2026-08-04,Customer 3224,SMB,East,Rahul Nair,Lubricants,2,1538.49,0,3076.98,Net 30,Pending,
MER-101141,2026-08-23,Customer 1031,SMB,West,Anita Rao,Lubricants,5,1527.81,5,12585.10,Net 30,DELIVERED,19
MER-100300,2026-09-24,Customer 3116,SMB,West,Meera Iyer,Hand Tools,2,1008.49,0,2016.98,Net 30,Pending,
MER-103028,2026-08-22,Customer 1529,SMB,North,Karan Bhatia,Power Tools,3,7387.25,0,22161.75,Net 60,Delivered,16
MER-102140,2026-08-23,Customer 3750,Mid-Market,North,Anita Rao,Bearings & Drives,10,4334.53,0,43345.30,Net 30,Pending,
MER-101480,2026-08-08,Customer 3973,Enterprise,South,Priya Menon,Electricals,10,2773.14,10,24958.26,Net 30,Delivered,3
MER-102782,2026-08-07,Customer 4011,SMB,South,Meera Iyer,Lubricants,1,1655.14,0,1655.14,Net 30,Delivered,14
MER-103738,2026-07-12,Customer 4150,SMB,North,Rahul Nair,Fasteners,1,343.35,5,326.18,Net 30,Delivered,13
MER-103528,2026-09-22,Customer 2217,SMB,North,Anita Rao,Pneumatics,3,4854.35,5,21124.28,Net 30,DELIVERED,10
MER-100416,2026-08-09,Customer 2409,SMB,North,Rahul Nair,Fasteners,1,354.72,0,354.72,Prepaid,Cancelled,
MER-101902,2026-09-17,Customer 1433,Mid-Market, South,Sneha Kulkarni,Safety Equipment,2,2117.18,0,4234.36,Net 60,delivered,12
MER-101617,2026-09-26,Customer 2951,Enterprise,South,Arjun Desai,Fasteners,25,350.52,10,7886.70,Net 30,cancelled,
MER-103052,2026-07-06,Customer 2100,SMB,North,Sneha Kulkarni,Power Tools,1,8915.01,5,8469.26,Net 60,Delivered,2
MER-103996,2026-07-09,Customer 4752,Enterprise,West,Karan Bhatia,Hand Tools,25,1048.19,5,24894.51,Net 30,Delivered,6
MER-103695,2026-09-30,Customer 1130,SMB,North,Arjun Desai,Safety Equipment,1,1921.58,0,1921.58,Net 30,Cancelled,
MER-101885,2026-08-03,Customer 2789,SMB,North,Rahul Nair,Electricals,1,3560.97,0,3560.97,Net 30,Delivered,3
MER-103825,2026-09-17,Customer 1057,Enterprise,East,Rahul Nair,Fasteners,100,370.71,10,33363.90,Net 30,Delivered,20
MER-101927,2026-07-14,Customer 4374,SMB,East,Sneha Kulkarni,Power Tools,2,8526.43,0,17052.86,Net 30,Returned,13
MER-102709,2026-07-19,Customer 1740,Mid-Market,South,Karan Bhatia,Pneumatics,5,5188.05,0,25940.25,Net 30,Delivered,10
MER-101025,2026-07-12,Customer 2365,SMB,West,Karan Bhatia,Lubricants,2,1667.31,5,3167.89,Net 30,Delivered,19
MER-103298,2026-08-21,Customer 3418,SMB,West,Rahul Nair,Safety Equipment,2,2001.80,0,4003.60,Prepaid,delivered,21
MER-103061,2026-08-16,Customer 1616,Mid-Market,North,Meera Iyer,Fasteners,10,377.57,0,3775.70,Net 30,Delivered,20
MER-100993,2026-07-08,Customer 1311,Mid-Market,North,Anita Rao,Lubricants,5,1524.47,10,6860.12,Prepaid,Delivered,16
MER-101554,2026-09-16,Customer 1134,SMB,South ,Anita Rao,Hand Tools,5,1091.34,0,5456.70,Net 30,Delivered,19
MER-101661,2026-09-20,Customer 3995,SMB,North ,Rahul Nair,Electricals,3,2926.53,0,8779.59,Net 30,Delivered,16
MER-100428,2026-09-07,Customer 1392,Small Business,North,Meera Iyer,Electricals,1,3037.73,5,2885.84,Prepaid,Cancelled,
MER-103408,2026-08-12,Customer 4442,Small Business,East,Anita Rao,Lubricants,2,1258.87,0,,Net 30,Cancelled,
MER-101375,2026-07-06,Customer 1144,SMB,West,Meera Iyer,Safety Equipment,2,2063.50,0,4127.00,Prepaid,Delivered,12
MER-100277,2026-08-24,Customer 3370,Enterprise,North,Arjun Desai,Pneumatics,5,6043.16,8,27798.54,Net 60,delivered,3
MER-103542,2026-07-26,Customer 4401,SMB,East,Priya Menon,Lubricants,3,1415.42,0,4246.26,Net 30,Delivered,4
MER-103048,2026-08-09,Customer 1395,SMB,West,Sneha Kulkarni,Hand Tools,2,842.09,0,1684.18,Net 30,Delivered,19
MER-100661,2026-08-22,Customer 1302,SMB,South,Sneha Kulkarni,Power Tools,2,7863.23,0,15726.46,Prepaid,Delivered,11
MER-103532,2026-08-16,Customer 4630,Small Business,South,Karan Bhatia,Hand Tools,1,1040.67,5,988.64,Net 30,Delivered,7
MER-103001,2026-08-23,Customer 2650,Mid-Market,South,Sneha Kulkarni,Electricals,2,3349.83,0,6699.66,Net 30,pending,
MER-102957,2026-08-25,Customer 1435,Enterprise,North,Sneha Kulkarni,Hand Tools,5,872.35,12,3838.34,Prepaid,delivered,4
MER-102353,2026-09-05,Customer 2969,SMB,South,Meera Iyer,Pneumatics,1,4596.56,0,4596.56,Net 60,delivered,18
MER-101585,2026-09-18,Customer 2341,Mid-Market,East,Meera Iyer,Bearings & Drives,5,4650.94,5,22091.96,Net 30,DELIVERED,16
MER-103820,2026-09-30,Customer 3690,SMB,West,Karan Bhatia,Safety Equipment,1,1601.49,0,1601.49,Net 60,delivered,11
MER-102032,2026-09-01,Customer 1120,SMB,North,Priya Menon,Bearings & Drives,2,4177.20,0,8354.40,Net 30,Returned,16
MER-101365,2026-09-10,Customer 4878,SMB,East,Vikram Shah,Hand Tools,1,1055.40,0,1055.40,Prepaid,Delivered,19
MER-103590,2026-07-14,Customer 4519,SMB,West,Arjun Desai,Hand Tools,1,909.82,0,909.82,Prepaid,delivered,5
MER-101312,2026-09-08,Customer 2016,Enterprise,South,Vikram Shah,Power Tools,100,6734.22,0,673422.00,Net 60,Delivered,7
MER-103384,2026-09-19,Customer 2773,SMB,West,Sneha Kulkarni,Power Tools,2,8857.25,0,17714.50,Prepaid,Pending,
MER-102887,2026-07-10,Customer 2073,Mid-Market,East,Sneha Kulkarni,Power Tools,5,7975.56,8,36687.58,Net 30,delivered,17
MER-102392,2026-08-02,Customer 3325,Enterprise,West,Arjun Desai,Safety Equipment,25,1991.18,10,44801.55,Net 60,Delivered,18
MER-101474,2026-07-22,Customer 4961,Small Business,West,Karan Bhatia,Pneumatics,3,5006.89,0,15020.67,Net 30,Delivered,2
MER-101906,2026-09-08,Customer 1390,Mid-Market,South,Arjun Desai,Bearings & Drives,2,4616.35,0,9232.70,Net 30,Delivered,10
MER-100042,2026-08-09,Customer 3949,Enterprise,North,Rahul Nair,Power Tools,25,7556.75,10,170026.88,Prepaid,Delivered,17
MER-101905,2026-08-07,Customer 4372,Small Business,East,Anita Rao,Safety Equipment,3,1890.28,0,9169.83,Net 30,Delivered,20
MER-102689,2026-07-02,Customer 3405,Mid-Market,West,Karan Bhatia,Safety Equipment,2,2069.53,0,4139.06,Net 60,Delivered,18
MER-101059,2026-08-31,Customer 1150,Enterprise,North,Arjun Desai,Pneumatics,25,4845.90,15,102975.37,Net 30,delivered,20
MER-103843,2026-08-30,Customer 3673,SMB,West,Meera Iyer,Safety Equipment,1,1577.89,0,1577.89,Net 30,Delivered,5
MER-103715,2026-09-12,Customer 1033,Enterprise,West,Anita Rao,Bearings & Drives,25,3861.54,5,91711.57,Net 60,Delivered,16
MER-100467,2026-09-30,Customer 4207,Mid-Market,North,Anita Rao,Pneumatics,5,5475.56,0,27377.80,Prepaid,Pending,
MER-100016,2026-07-21,Customer 1548,Enterprise,North,Sneha Kulkarni,Lubricants,5,1247.50,8,5738.50,Net 30,delivered,5
MER-100717,2026-09-18,Customer 2301,SMB,South,Arjun Desai,Fasteners,1,310.62,0,310.62,Prepaid,Delivered,13
MER-100639,2026-09-09,Customer 2885,SMB,South,Karan Bhatia,Lubricants,3,1437.51,0,,Net 30,Delivered,20
MER-102702,2026-08-05,Customer 4648,Small Business,North,Karan Bhatia,Bearings & Drives,1,4675.64,5,4441.86,Net 30,delivered,10
MER-102262,2026-08-26,Customer 1762,Mid-Market,North,Rahul Nair,Pneumatics,5,6082.65,5,28892.59,Net 30,Delivered,14
MER-100856,2026-07-24,Customer 4107,Mid-Market,South,Rahul Nair,Hand Tools,5,1103.14,10,4964.13,Net 30,Delivered,11
MER-103433,2026-07-09,Customer 1636,Enterprise,North,Rahul Nair,Safety Equipment,100,1976.93,12,173969.84,Net 30,Delivered,9
MER-100141,2026-08-06,Customer 3188,Mid-Market,North,Priya Menon,Fasteners,2,342.64,8,630.46,Net 30,delivered,6
MER-103150,2026-08-26,Customer 4467,Enterprise,South,Rahul Nair,Fasteners,10,302.22,12,2659.54,Net 30,Delivered,8
MER-100164,2026-09-05,Customer 4701,SMB,East,Karan Bhatia,Bearings & Drives,2,4390.22,0,8780.44,Net 30,Delivered,5
MER-103797,2026-07-15,Customer 1595,Mid-Market,South,Karan Bhatia,Bearings & Drives,5,4601.83,0,23009.15,Net 30,Delivered,12
MER-101804,2026-07-13,Customer 1766,Enterprise,South,Anita Rao,Bearings & Drives,100,4880.76,5,463672.20,Net 30,Delivered,12
MER-102793,2026-09-14,Customer 4266,SMB,West,Arjun Desai,Fasteners,2,287.68,5,546.59,Net 60,Returned,4
MER-102959,2026-09-23,Customer 4198,Mid-Market,West,Priya Menon,Fasteners,10,289.61,8,2664.41,Prepaid,Delivered,7
MER-100231,2026-08-18,Customer 3165,Enterprise,East,Arjun Desai,Lubricants,10,1624.42,10,14619.78,Net 30,delivered,10
MER-101459,2026-09-08,Customer 2997,SMB,South,Anita Rao,Pneumatics,1,4901.56,0,4901.56,Net 30,delivered,15
MER-101434,2026-07-27,Customer 1255,Mid-Market,West,Sneha Kulkarni,Bearings & Drives,25,4943.09,5,117398.39,Net 30,Delivered,2
MER-102018,2026-08-08,Customer 1485,Enterprise,South,Karan Bhatia,Hand Tools,100,954.59,5,90686.05,Prepaid,CANCELLED,
MER-100983,2026-07-24,Customer 1312,Mid-Market,West,Sneha Kulkarni,Hand Tools,10,1018.43,0,10184.30,Net 30,Returned,4
MER-100552,2026-09-22,Customer 2781,SMB,East,Arjun Desai,Fasteners,1,355.22,0,355.22,Net 30,Delivered,5
MER-100889,2026-09-27,Customer 3371,SMB,South,Priya Menon,Fasteners,1,347.92,0,347.92,Net 30,Delivered,5
MER-102163,2026-08-07,Customer 4483,Enterprise,West,Meera Iyer,Pneumatics,50,5114.12,8,235249.52,Net 30,delivered,18
MER-103373,2026-08-17,Customer 1078,SMB,West,Priya Menon,Power Tools,2,7309.11,0,14618.22,Net 30,Pending,
MER-101676,2026-08-25,Customer 4687,SMB,West,Vikram Shah,Lubricants,1,1278.34,0,1278.34,Net 30,Pending,
MER-101560,2026-07-26,Customer 2382,SMB,West,Karan Bhatia,Power Tools,1,7084.68,0,7084.68,Prepaid,Delivered,18
MER-103198,2026-09-09,Customer 1883,SMB,West,Arjun Desai,Pneumatics,1,5776.04,0,5776.04,Net 30,delivered,7
MER-100339,2026-07-29,Customer 3306,Mid-Market,South,Meera Iyer,Hand Tools,10,851.92,0,8519.20,Net 60,delivered,19
MER-103401,2026-09-29,Customer 1790,Small Business,South,Rahul Nair,Lubricants,2,1637.03,0,3274.06,Net 60,Pending,
MER-100490,2026-07-19,Customer 2523,SMB,North,Anita Rao,Hand Tools,2,877.54,0,2828.69,Net 60,Pending,
MER-103832,2026-09-09,Customer 4196,SMB,South,Arjun Desai,Bearings & Drives,2,4361.70,0,8723.40,Prepaid,Delivered,13
MER-102449,2026-07-28,Customer 3507,Enterprise, South,Vikram Shah,Electricals,100,3105.62,0,310562.00,Net 30,Delivered,9
MER-100237,2026-07-31,Customer 3798,SMB,East,Arjun Desai,Lubricants,5,1691.53,0,8457.65,Prepaid,delivered,19
MER-102529,2026-09-28,Customer 3503,Enterprise,South,Anita Rao,Pneumatics,10,5649.20,8,51972.64,Prepaid,Delivered,9
MER-100811,2026-08-17,Customer 4395,SMB, South,Anita Rao,Fasteners,1,318.24,0,318.24,Net 60,Delivered,13
MER-103524,2026-08-03,Customer 2516,Mid-Market,South,Priya Menon,Lubricants,5,1518.81,5,7214.35,Prepaid,delivered,19
MER-102586,2026-07-17,Customer 3025,Mid-Market,West,Anita Rao,Safety Equipment,25,2076.88,8,47768.24,Net 60,CANCELLED,
MER-100294,2026-08-16,Customer 4603,Mid-Market,West ,Arjun Desai,Safety Equipment,5,1739.59,5,8263.05,Net 60,Delivered,16
MER-101443,2026-08-31,Customer 4155,Mid-Market,South,Anita Rao,Pneumatics,10,6212.73,0,104081.50,Net 30,Delivered,8
MER-103649,2026-08-19,Customer 4866,Mid-Market,South,Rahul Nair,Safety Equipment,10,2061.48,8,18965.62,Net 30,Delivered,18
MER-102649,2026-07-26,Customer 1363,Mid-Market,South,Rahul Nair,Pneumatics,10,4610.84,8,42419.73,Net 60,delivered,5
MER-103017,2026-07-12,Customer 4474,SMB,South,Karan Bhatia,Electricals,1,2898.67,0,2898.67,Net 30,pending,
MER-103770,2026-08-07,Customer 2675,Mid-Market,North,Rahul Nair,Fasteners,25,305.65,0,7641.25,Net 60,Delivered,9
MER-101132,2026-08-02,Customer 1886,Mid-Market,East,Arjun Desai,Lubricants,5,1510.65,0,7553.25,Net 60,Delivered,2
MER-100895,2026-08-11,Customer 2559,Mid-Market, East,Rahul Nair,Fasteners,2,275.79,10,496.42,Net 30,Delivered,19
MER-101213,2026-09-12,Customer 1759,Mid-Market,West,Anita Rao,Safety Equipment,10,1668.41,8,15349.37,Net 60,delivered,5
MER-103939,2026-08-13,Customer 2451,Mid-Market,South,Meera Iyer,Bearings & Drives,2,3694.00,5,7018.60,Net 30,Delivered,21
MER-101470,2026-07-14,Customer 4002,SMB,West,Arjun Desai,Hand Tools,1,1111.05,0,1111.05,Net 30,Delivered,20
MER-102603,2026-09-06,Customer 2821,Mid-Market,West,Anita Rao,Hand Tools,2,1071.27,5,3701.95,Net 60,PENDING,
MER-100709,2026-09-08,Customer 4373,SMB,South,Vikram Shah,Safety Equipment,1,1779.54,5,1690.56,Prepaid,Delivered,18
MER-103721,2026-09-16,Customer 4244,Enterprise,North,Anita Rao,Pneumatics,10,4735.87,5,69904.29,Prepaid,Delivered,2
MER-103352,2026-09-10,Customer 4412,SMB, South,Meera Iyer,Power Tools,1,6713.48,0,6713.48,Net 30,Delivered,12
MER-100724,2026-08-12,Customer 3231,SMB, South,Priya Menon,Electricals,3,2931.65,0,8794.95,Net 30,Delivered,3
MER-103777,2026-09-18,Customer 3505,Mid-Market,South,Rahul Nair,Power Tools,5,8794.24,0,43971.20,Net 30,Delivered,3
MER-100951,2026-08-25,Customer 2524,Mid-Market,West,Sneha Kulkarni,Fasteners,5,277.17,8,1274.98,Net 30,Delivered,16
MER-100133,2026-09-11,Customer 3870,SMB,East,Karan Bhatia,Pneumatics,2,4985.07,5,9471.63,Prepaid,Delivered,13
MER-100914,2026-09-10,Customer 1596,SMB,East,Karan Bhatia,Bearings & Drives,3,4623.38,0,13870.14,Net 30,Delivered,11
MER-103135,2026-09-13,Customer 3435,Enterprise,North,Vikram Shah,Power Tools,50,6518.74,0,325937.00,Net 30,Delivered,6
MER-101189,2026-07-26,Customer 2203,SMB,North,Sneha Kulkarni,Power Tools,1,8878.48,0,8878.48,Net 30,Delivered,15
MER-101350,2026-09-20,Customer 3441,SMB,West,Rahul Nair,Electricals,1,3640.96,5,3458.91,Net 30,Delivered,16
MER-100981,2026-09-11,Customer 4708,Enterprise,East,Priya Menon,Power Tools,25,7270.19,0,181754.75,Net 30,DELIVERED,20
MER-101401,2026-07-16,Customer 3747,SMB,South,Meera Iyer,Lubricants,1,1534.01,5,1457.31,Net 60,Delivered,10
MER-102254,2026-07-03,Customer 3029,SMB,North,Vikram Shah,Bearings & Drives,1,4863.55,0,4863.55,Prepaid,Delivered,17
MER-103967,2026-09-23,Customer 1248,Mid-Market,South,Karan Bhatia,Safety Equipment,2,1618.92,8,2978.81,Net 60,Pending,
MER-102779,2026-08-20,Customer 3014,Mid-Market,South,Meera Iyer,Bearings & Drives,2,4612.75,0,9225.50,Net 30,Delivered,17
MER-103686,2026-08-15,Customer 2846,SMB,West,Vikram Shah,Electricals,1,3496.30,0,3496.30,Net 30,Delivered,10
MER-103840,2026-08-04,Customer 1362,Mid-Market,West,Meera Iyer,Pneumatics,5,4825.48,8,22197.21,Prepaid,Delivered,11
MER-101809,2026-07-30,Customer 1686,Enterprise,North,Rahul Nair,Pneumatics,100,4678.48,10,421063.20,Net 60,Delivered,17
MER-101857,2026-07-31,Customer 2418,SMB,North,Karan Bhatia,Pneumatics,3,4810.76,0,14432.28,Net 30,Delivered,21
MER-103657,2026-07-01,Customer 2461,Enterprise,West,Priya Menon,Safety Equipment,25,1936.78,5,100074.48,Prepaid,Delivered,5
MER-102040,2026-08-25,Customer 3440,SMB,West,Meera Iyer,Safety Equipment,1,1982.09,0,1982.09,Prepaid,Delivered,5
MER-100448,2026-08-02,Customer 3230,Small Business,South,Vikram Shah,Fasteners,1,288.38,0,288.38,Net 30,Pending,
MER-102695,2026-08-08,Customer 3207,Enterprise,East,Sneha Kulkarni,Pneumatics,25,5876.57,12,129284.54,Net 30,Delivered,5
MER-103900,2026-07-26,Customer 2074,Enterprise,South,Meera Iyer,Lubricants,25,1425.64,10,32076.90,Prepaid,Pending,
MER-100398,2026-09-12,Customer 2171,SMB,South,Vikram Shah,Electricals,2,3496.91,0,6993.82,Net 30,Pending,
MER-103621,2026-09-13,Customer 4947,Mid-Market,East,Vikram Shah,Safety Equipment,2,2060.78,10,3709.40,Prepaid,DELIVERED,4
MER-102245,2026-08-05,Customer 3129,Mid-Market,North,Sneha Kulkarni,Hand Tools,5,978.09,0,4890.45,Net 30,Delivered,5
MER-100632,2026-08-10,Customer 2126,Enterprise,West,Anita Rao,Hand Tools,5,1095.98,15,8143.35,Net 60,delivered,12
MER-102855,2026-08-03,Customer 1357,Mid-Market,East,Karan Bhatia,Fasteners,2,298.79,8,549.77,Net 60,Delivered,2
MER-101381,2026-08-28,Customer 1883,Mid-Market,North,Meera Iyer,Safety Equipment,5,1935.11,10,8707.99,Net 60,Delivered,8
MER-101060,2026-07-27,Customer 1550,Mid-Market,West,Meera Iyer,Bearings & Drives,25,4809.95,0,120248.75,Net 30,Delivered,21
MER-100739,2026-08-20,Customer 2453,SMB,West,Anita Rao,Safety Equipment,1,2085.22,0,2085.22,Prepaid,Delivered,21
MER-103675,2026-08-30,Customer 3576,SMB,East,Sneha Kulkarni,Electricals,1,3380.76,5,3211.72,Net 60,PENDING,
MER-103842,2026-07-31,Customer 3437,SMB,South,Sneha Kulkarni,Bearings & Drives,1,3825.51,0,3825.51,Net 30,Delivered,15
MER-103172,2026-08-17,Customer 1533,Mid-Market,West,Karan Bhatia,Hand Tools,5,1078.32,5,5122.02,Net 30,Delivered,13
MER-103692,2026-09-24,Customer 4238,SMB,South,Vikram Shah,Safety Equipment,1,2067.07,5,1963.72,Prepaid,Delivered,6
MER-101637,2026-09-21,Customer 2756,Small Business,East,Vikram Shah,Hand Tools,5,1006.46,0,5032.30,Net 60,DELIVERED,19
MER-101425,2026-07-07,Customer 1853,SMB,North,Karan Bhatia,Fasteners,3,287.20,0,861.60,Net 30,Delivered,14
MER-100765,2026-08-16,Customer 4819,Mid-Market, West,Vikram Shah,Fasteners,10,291.16,8,2678.67,Prepaid,delivered,11
MER-100784,2026-07-16,Customer 2581,SMB, East,Arjun Desai,Safety Equipment,1,2050.24,0,2050.24,Prepaid,Pending,
MER-101362,2026-08-09,Customer 4603,Enterprise,South,Sneha Kulkarni,Electricals,25,2922.61,15,62105.46,Prepaid,Delivered,12
MER-103343,2026-07-16,Customer 2590,Small Business,South,Priya Menon,Bearings & Drives,1,4693.14,0,4693.14,Net 30,Returned,4
MER-102211,2026-09-14,Customer 1340,Mid-Market,East,Sneha Kulkarni,Pneumatics,2,6265.39,8,11528.32,Net 60,Delivered,2
MER-101777,2026-07-24,Customer 3482,Mid-Market,West,Sneha Kulkarni,Power Tools,2,6824.12,0,13648.24,Net 60,Delivered,20
MER-101330,2026-09-15,Customer 1376,Mid-Market,West,Karan Bhatia,Lubricants,5,1504.47,0,7522.35,Net 60,Delivered,19
MER-102050,2026-09-01,Customer 1827,SMB,West,Priya Menon,Bearings & Drives,1,4591.73,0,4591.73,Net 60,Delivered,18
MER-101475,2026-08-29,Customer 3959,SMB,South,Sneha Kulkarni,Electricals,1,3171.79,0,3171.79,Prepaid,delivered,16
MER-100403,2026-07-31,Customer 1732,SMB,North,Anita Rao,Fasteners,1,346.12,0,346.12,Net 30,Delivered,3
MER-101499,2026-08-26,Customer 3845,Mid-Market,North,Anita Rao,Safety Equipment,2,1998.06,0,3996.12,Net 60,Delivered,6
MER-102797,2026-07-01,Customer 4058,SMB,East,Arjun Desai,Power Tools,2,6596.11,0,13192.22,Net 30,DELIVERED,9
MER-103488,2026-08-06,Customer 4902,Mid-Market,North,Karan Bhatia,Hand Tools,5,1014.60,0,5073.00,Net 30,returned,8
MER-102016,2026-08-22,Customer 3657,SMB,South,Sneha Kulkarni,Hand Tools,1,876.54,0,876.54,Net 30,Delivered,19
MER-101144,2026-09-11,Customer 4252,SMB,West,Vikram Shah,Electricals,1,2852.81,0,2852.81,Net 30,Delivered,17
MER-102985,2026-07-31,Customer 3569,SMB,North,Meera Iyer,Hand Tools,1,1086.31,0,1086.31,Net 30,delivered,18
MER-100966,2026-07-31,Customer 4337,Mid-Market,West ,Sneha Kulkarni,Power Tools,10,8206.90,5,77965.55,Net 30,Delivered,6
MER-102127,2026-08-31,Customer 2758,SMB,South ,Vikram Shah,Electricals,1,2953.55,0,2953.55,Net 30,delivered,2
MER-100845,2026-07-26,Customer 2720,Mid-Market,North,Karan Bhatia,Lubricants,5,1399.89,0,6999.45,Prepaid,Pending,
MER-101938,2026-08-24,Customer 2988,Mid-Market,North,Sneha Kulkarni,Lubricants,10,1443.39,5,13712.20,Net 30,Delivered,19
MER-103055,2026-09-21,Customer 1204,SMB,West,Arjun Desai,Bearings & Drives,2,4465.42,0,8930.84,Net 30,Delivered,7
MER-101687,2026-08-10,Customer 1839,Enterprise,North,Karan Bhatia,Lubricants,10,1567.94,8,14425.05,Net 30,Delivered,21
MER-101768,2026-09-05,Customer 4782,SMB,East,Rahul Nair,Electricals,3,2702.27,0,8106.81,Prepaid,Delivered,14
MER-101837,2026-09-21,Customer 1222,Enterprise,South,Rahul Nair,Safety Equipment,10,1596.68,5,15168.46,Net 30,Delivered,9
MER-100364,2026-07-29,Customer 3311,SMB,West,Anita Rao,Hand Tools,5,1044.71,0,5223.55,Net 30,Delivered,2
MER-100363,2026-08-30,Customer 2258,Mid-Market,North,Arjun Desai,Electricals,10,3106.68,0,31066.80,Prepaid,Delivered,19
MER-102920,2026-08-14,Customer 4952,Small Business,South,Priya Menon,Power Tools,2,8413.01,0,16826.02,Net 30,Delivered,12
MER-102045,2026-08-24,Customer 3186,SMB,West,Priya Menon,Bearings & Drives,2,4716.91,0,9433.82,Net 30,Delivered,4
MER-103480,2026-08-31,Customer 4664,Mid-Market,North,Rahul Nair,Safety Equipment,2,1617.75,0,3235.50,Prepaid,delivered,12
MER-101339,2026-08-28,Customer 1012,SMB,South,Arjun Desai,Safety Equipment,1,1687.93,0,1687.93,Net 30,Delivered,19
MER-101399,2026-08-11,Customer 1073,Enterprise,South,Meera Iyer,Bearings & Drives,5,4856.80,15,20641.40,Prepaid,Delivered,20
MER-101598,2026-08-09,Customer 3582,Mid-Market,South,Sneha Kulkarni,Bearings & Drives,2,4436.10,10,7984.98,Net 60,Delivered,8
MER-101009,2026-08-31,Customer 1240,SMB,North,Anita Rao,Electricals,2,3173.62,0,8464.89,Net 30,cancelled,
MER-100912,2026-09-19,Customer 2946,Mid-Market,North,Priya Menon,Pneumatics,5,5186.40,0,25932.00,Net 30,Delivered,7
MER-101694,2026-09-01,Customer 1496,Mid-Market,South,Vikram Shah,Bearings & Drives,2,4326.33,0,8652.66,Net 60,delivered,10
MER-101625,2026-08-10,Customer 2158,SMB,East,Rahul Nair,Safety Equipment,5,1693.41,0,8467.05,Prepaid,Delivered,15
MER-103527,2026-07-17,Customer 2329,Mid-Market,North,Priya Menon,Bearings & Drives,5,4369.24,0,21846.20,Net 30,Delivered,12
MER-102936,2026-07-05,Customer 4309,SMB,South,Meera Iyer,Electricals,1,3087.11,5,2932.75,Net 30,Delivered,21
MER-102795,2026-07-23,Customer 1960,Mid-Market,South,Vikram Shah,Hand Tools,2,928.01,10,1670.42,Net 30,Delivered,18
MER-102547,2026-09-12,Customer 4788,SMB,North,Karan Bhatia,Bearings & Drives,3,4946.32,0,14838.96,Net 30,Delivered,10
MER-102841,2026-07-23,Customer 4332,SMB,North,Meera Iyer,Bearings & Drives,5,4898.37,0,24491.85,Net 30,Delivered,19
MER-102409,2026-08-25,Customer 2511,Mid-Market,East,Anita Rao,Hand Tools,2,940.09,0,2852.80,Net 60,Delivered,7
MER-100179,2026-07-08,Customer 3818,Mid-Market, South,Meera Iyer,Electricals,5,3005.41,8,13824.89,Net 60,delivered,3
MER-100770,2026-08-22,Customer 4821,Enterprise,North,Meera Iyer,Pneumatics,25,4648.30,8,106910.90,Net 30,Delivered,20
MER-101238,2026-08-08,Customer 2066,SMB,North,Meera Iyer,Safety Equipment,3,1574.20,5,4486.47,Prepaid,DELIVERED,14
MER-100643,2026-07-06,Customer 4496,Enterprise,West,Priya Menon,Electricals,10,3427.79,10,30850.11,Prepaid,DELIVERED,15
MER-102711,2026-08-25,Customer 3007,Mid-Market,South,Arjun Desai,Fasteners,5,362.90,0,1814.50,Prepaid,Delivered,7
MER-103225,2026-08-22,Customer 3298,Enterprise,South,Priya Menon,Hand Tools,25,912.77,10,20537.33,Net 60,Delivered,10
MER-103290,2026-07-23,Customer 3982,SMB,West,Anita Rao,Lubricants,1,1386.64,0,1386.64,Net 30,Delivered,19
MER-100395,2026-09-15,Customer 3622,SMB,North,Anita Rao,Bearings & Drives,2,4195.58,0,8391.16,Net 60,Delivered,4
MER-100502,2026-09-20,Customer 3761,Mid-Market,West,Sneha Kulkarni,Bearings & Drives,2,4379.06,8,8057.47,Net 30,Delivered,2
MER-101139,2026-08-09,Customer 1518,SMB,North,Sneha Kulkarni,Power Tools,5,7036.11,0,35180.55,Prepaid,Delivered,5
MER-102938,2026-08-03,Customer 2766,SMB, West,Vikram Shah,Bearings & Drives,2,3926.22,0,7852.44,Net 30,delivered,2
MER-101159,2026-08-22,Customer 3902,Mid-Market,South,Arjun Desai,Hand Tools,5,1033.63,10,4651.34,Net 60,delivered,11
MER-103985,2026-07-15,Customer 2514,SMB,West,Sneha Kulkarni,Fasteners,5,286.25,5,1359.69,Net 60,Delivered,12
MER-100401,2026-07-18,Customer 4211,SMB,South,Karan Bhatia,Fasteners,1,371.11,0,371.11,Net 30,Delivered,13
MER-103663,2026-08-23,Customer 1106,Enterprise,North,Rahul Nair,Lubricants,50,1453.54,5,69043.15,Net 60,delivered,12
MER-103114,2026-09-02,Customer 3816,SMB,East,Arjun Desai,Bearings & Drives,3,4334.59,0,13003.77,Prepaid,Delivered,2
MER-103701,2026-08-26,Customer 3952,Mid-Market,East,Meera Iyer,Pneumatics,2,6101.44,0,12202.88,Net 60,delivered,6
MER-103928,2026-07-21,Customer 3718,SMB,North,Rahul Nair,Fasteners,5,328.86,5,1562.09,Net 30,Delivered,2
MER-101164,2026-08-03,Customer 4559,SMB,South,Karan Bhatia,Hand Tools,2,933.12,0,1866.24,Net 30,returned,9
MER-100905,2026-08-28,Customer 4919,SMB,North,Meera Iyer,Bearings & Drives,1,3726.89,0,3726.89,Net 30,Delivered,10
MER-102053,2026-08-02,Customer 2031,SMB,South,Karan Bhatia,Power Tools,5,7444.33,0,37221.65,Prepaid,Pending,
MER-103910,2026-09-26,Customer 4655,Small Business,South,Sneha Kulkarni,Bearings & Drives,2,4104.73,0,8209.46,Net 60,delivered,3
MER-102907,2026-09-09,Customer 1646,Mid-Market,South,Sneha Kulkarni,Safety Equipment,10,1589.92,0,15899.20,Net 30,Delivered,17
MER-102623,2026-08-31,Customer 1171,Enterprise,North,Anita Rao,Pneumatics,5,4829.58,0,24147.90,Net 30,Delivered,6
MER-103158,2026-08-24,Customer 3539,SMB,North,Sneha Kulkarni,Lubricants,3,1669.65,0,5008.95,Net 30,delivered,19
MER-101594,2026-07-11,Customer 3527,Small Business,North,Priya Menon,Electricals,2,2793.19,0,5586.38,Net 60,Delivered,18
MER-100385,2026-08-01,Customer 3781,Mid-Market,West,Vikram Shah,Pneumatics,2,4853.40,0,9706.80,Prepaid,Delivered,10
MER-102164,2026-07-04,Customer 3657,SMB,East,Arjun Desai,Electricals,2,3363.48,0,6726.96,Net 30,pending,
MER-100980,2026-09-18,Customer 3290,SMB,West,Priya Menon,Fasteners,1,369.67,5,351.19,Net 60,Delivered,18
MER-100214,2026-09-22,Customer 2174,SMB,West,Vikram Shah,Fasteners,2,291.50,5,553.85,Net 60,Cancelled,
MER-100243,2026-07-18,Customer 3865,Enterprise,North,Arjun Desai,Hand Tools,5,984.04,8,4526.58,Net 60,Pending,
MER-101456,2026-08-05,Customer 1940,Small Business,West,Karan Bhatia,Fasteners,3,319.52,5,910.63,Prepaid,delivered,19
MER-101084,2026-07-20,Customer 4729,SMB,South,Arjun Desai,Safety Equipment,0,1774.91,5,0.00,Net 30,pending,
MER-103903,2026-07-06,Customer 3666,Mid-Market,East,Priya Menon,Lubricants,2,1559.57,10,2807.23,Net 30,Delivered,12
MER-103445,2026-07-07,Customer 3250,Mid-Market,West,Priya Menon,Pneumatics,2,4815.41,8,8860.35,Net 30,returned,4
MER-102410,2026-07-25,Customer 1163,Mid-Market,South,Vikram Shah,Hand Tools,10,1036.13,8,9532.40,Net 30,Delivered,7
MER-100009,2026-09-05,Customer 3873,SMB, East,Sneha Kulkarni,Lubricants,1,1241.21,0,1241.21,Net 30,Delivered,20
MER-102507,2026-08-30,Customer 3085,Enterprise,West,Arjun Desai,Lubricants,10,1558.19,10,14023.71,Prepaid,delivered,13
MER-101073,2026-09-26,Customer 1918,Mid-Market,South,Priya Menon,Bearings & Drives,5,4474.14,0,22370.70,Prepaid,DELIVERED,9
MER-100513,2026-07-27,Customer 4635,SMB,West,Vikram Shah,Lubricants,1,1280.62,0,1280.62,Net 60,Delivered,5
MER-100212,2026-08-27,Customer 4373,Enterprise,South,Karan Bhatia,Bearings & Drives,25,4476.68,0,111917.00,Net 60,Cancelled,
MER-102486,2026-07-13,Customer 3681,SMB,West,Vikram Shah,Safety Equipment,5,2007.02,0,10035.10,Prepaid,Pending,
MER-101708,2026-09-22,Customer 2685,Enterprise,South,Arjun Desai,Pneumatics,25,6000.78,0,150019.50,Net 30,Delivered,4
MER-103202,2026-08-30,Customer 2532,SMB,South,Karan Bhatia,Fasteners,2,338.77,0,677.54,Prepaid,Delivered,18
MER-101575,2026-08-02,Customer 3587,Enterprise,North,Rahul Nair,Power Tools,10,7775.39,12,68423.43,Net 60,Pending,
MER-103414,2026-09-16,Customer 3968,Mid-Market,West,Karan Bhatia,Electricals,25,2990.04,8,68770.92,Net 30,delivered,18
MER-101660,2026-08-16,Customer 4030,Small Business,South,Priya Menon,Lubricants,1,1320.88,0,1320.88,Net 60,Delivered,6
MER-101232,2026-07-01,Customer 4293,Mid-Market,South,Anita Rao,Power Tools,5,8508.96,8,39141.22,Net 30,Delivered,19
MER-100353,2026-07-27,Customer 4644,Enterprise, South,Meera Iyer,Pneumatics,25,5770.23,8,,Net 30,Pending,
MER-101509,2026-08-19,Customer 1509,Enterprise,North,Vikram Shah,Safety Equipment,50,1534.82,5,72903.95,Net 30,DELIVERED,18
MER-101592,2026-07-18,Customer 3558,SMB,South,Anita Rao,Power Tools,1,8526.55,0,8526.55,Net 30,Cancelled,
MER-101278,2026-08-11,Customer 4911,SMB,West,Arjun Desai,Pneumatics,1,4955.70,0,4955.70,Net 30,delivered,21
MER-103124,2026-08-17,Customer 2715,Mid-Market,East,Meera Iyer,Electricals,2,3430.43,0,,Prepaid,Delivered,19
MER-101265,2026-07-10,Customer 2360,Enterprise,West,Meera Iyer,Fasteners,25,314.55,15,6684.19,Net 30,Delivered,2
MER-101535,2026-08-30,Customer 2404,Mid-Market,South ,Rahul Nair,Power Tools,10,6703.40,10,60330.60,Net 30,Delivered,5
MER-103771,2026-09-17,Customer 3267,SMB,North,Arjun Desai,Electricals,3,3253.18,0,9759.54,Net 30,pending,
MER-102326,2026-09-02,Customer 4080,SMB,East,Karan Bhatia,Pneumatics,1,6081.22,0,6081.22,Net 30,Delivered,15
MER-101963,2026-07-05,Customer 2801,Enterprise,South,Vikram Shah,Electricals,25,3424.96,0,85624.00,Net 30,Delivered,19
MER-103799,2026-08-26,Customer 4973,SMB,East,Vikram Shah,Hand Tools,5,924.60,0,4623.00,Prepaid,delivered,10
MER-102319,2026-08-22,Customer 3109,Mid-Market,North,Arjun Desai,Safety Equipment,5,2068.57,0,10342.85,Net 30,Delivered,17
MER-102762,2026-09-28,Customer 2033,SMB,West,Rahul Nair,Pneumatics,3,4983.50,5,14202.97,Net 60,DELIVERED,20
MER-101126,2026-08-25,Customer 1414,SMB,West,Sneha Kulkarni,Electricals,1,3621.96,0,3621.96,Prepaid,Delivered,14
MER-100012,2026-09-18,Customer 1418,Mid-Market,West,Vikram Shah,Safety Equipment,5,1575.91,5,7485.57,Net 30,Delivered,15
MER-101759,2026-07-22,Customer 3321,Mid-Market,East,Sneha Kulkarni,Fasteners,2,360.26,8,662.88,Prepaid,Delivered,8
MER-100945,2026-09-08,Customer 4485,Enterprise,West,Meera Iyer,Bearings & Drives,25,4438.16,15,94310.90,Prepaid,DELIVERED,19
MER-102090,2026-08-28,Customer 1205,Mid-Market,West,Sneha Kulkarni,Safety Equipment,5,2051.98,10,9233.91,Prepaid,Returned,19
MER-103026,2026-08-24,Customer 2181,SMB,West,Sneha Kulkarni,Safety Equipment,3,2105.39,0,6316.17,Net 30,Delivered,5
MER-102893,2026-08-08,Customer 4958,Mid-Market,North,Priya Menon,Fasteners,10,301.76,0,3017.60,Net 30,Delivered,11
MER-101953,2026-07-15,Customer 3761,SMB,West,Sneha Kulkarni,Electricals,2,3416.03,0,6832.06,Net 30,Returned,21
MER-100063,2026-08-31,Customer 4661,SMB,West,Vikram Shah,Hand Tools,1,914.46,0,914.46,Net 60,Delivered,16
MER-102908,2026-09-21,Customer 4411,Small Business,West,Arjun Desai,Lubricants,5,1410.51,5,6699.92,Net 30,delivered,18
MER-102457,2026-08-15,Customer 3417,SMB,West,Rahul Nair,Bearings & Drives,5,4273.31,0,21366.55,Net 30,Delivered,8
MER-103756,2026-08-30,Customer 1763,SMB, West,Priya Menon,Electricals,2,2958.52,5,5621.19,Net 30,Delivered,4
MER-100182,2026-07-19,Customer 1676,SMB,South,Anita Rao,Electricals,1,3119.05,0,3119.05,Net 30,delivered,6
MER-101111,2026-09-10,Customer 4094,Mid-Market,North,Anita Rao,Hand Tools,2,844.59,5,1604.72,Net 30,Delivered,3
MER-103041,2026-07-26,Customer 4787,Enterprise,North,Rahul Nair,Bearings & Drives,10,4222.64,15,35892.44,Net 30,Delivered,18
MER-103448,2026-07-28,Customer 2648,Mid-Market,North,Vikram Shah,Bearings & Drives,10,4912.78,10,44215.02,Prepaid,Delivered,14
MER-101333,2026-07-20,Customer 4213,SMB,North,Meera Iyer,Power Tools,1,6844.10,5,6501.90,Net 60,Delivered,2
MER-101823,2026-08-15,Customer 4615,Mid-Market,West,Vikram Shah,Electricals,5,2748.77,0,13743.85,Net 30,Delivered,20
MER-101611,2026-08-27,Customer 3719,Small Business,North,Anita Rao,Lubricants,1,1309.01,0,1786.68,Prepaid,Cancelled,
MER-101118,2026-08-23,Customer 4526,Mid-Market,West,Meera Iyer,Electricals,5,3130.69,0,15653.45,Net 60,Delivered,6
MER-102042,2026-07-23,Customer 2674,SMB,West,Meera Iyer,Safety Equipment,2,1948.48,0,3896.96,Net 30,delivered,6
MER-100591,2026-07-28,Customer 3170,Mid-Market,East,Vikram Shah,Safety Equipment,2,1849.47,5,3513.99,Net 30,Delivered,13
MER-100934,2026-07-26,Customer 3692,SMB,North,Rahul Nair,Electricals,1,3461.03,0,3461.03,Net 60,delivered,7
MER-103324,2026-07-09,Customer 1267,Enterprise,North,Rahul Nair,Hand Tools,25,1074.43,5,25517.71,Net 60,Delivered,3
MER-102857,2026-08-08,Customer 3541,SMB,North,Rahul Nair,Pneumatics,2,6008.43,0,12016.86,Net 60,Delivered,11
MER-100581,2026-09-15,Customer 2469,SMB,West,Karan Bhatia,Pneumatics,1,4913.56,0,4913.56,Net 30,Delivered,7
MER-100501,2026-07-19,Customer 1785,Enterprise,West,Anita Rao,Hand Tools,25,844.66,5,33047.87,Net 30,Delivered,3
MER-102165,2026-09-10,Customer 3895,SMB,West,Sneha Kulkarni,Hand Tools,2,1103.33,0,2206.66,Net 30,Delivered,7
MER-100668,2026-09-14,Customer 2345,SMB,North,Vikram Shah,Hand Tools,1,923.90,0,923.90,Prepaid,delivered,3
MER-103846,2026-08-21,Customer 2058,Mid-Market,North,Sneha Kulkarni,Pneumatics,10,5724.05,10,51516.45,Net 30,Delivered,18
MER-100011,2026-09-12,Customer 3854,Enterprise,South,Karan Bhatia,Fasteners,25,351.63,0,8790.75,Net 30,Delivered,15
MER-100393,2026-09-22,Customer 1889,Mid-Market,East,Priya Menon,Bearings & Drives,2,4192.25,8,7713.74,Net 60,Delivered,15
MER-101068,2026-07-16,Customer 3745,SMB,East,Vikram Shah,Safety Equipment,1,2008.72,0,2008.72,Net 60,Delivered,9
MER-101246,2026-07-29,Customer 3570,SMB,West,Anita Rao,Power Tools,1,6788.55,0,6788.55,Prepaid,Delivered,2
MER-100645,2026-08-21,Customer 4018,Mid-Market,North,Vikram Shah,Electricals,2,3222.79,0,6445.58,Net 30,cancelled,
